Item_Identifier,Outlet_Identifier,Item_Outlet_Sales
FDW58,OUT049,
FDW14,OUT017,
NCN55,OUT010,
FDQ58,OUT017,
FDY38,OUT027,
FDH56,OUT046,
FDL48,OUT018,
FDC48,OUT027,
FDN33,OUT045,
FDA36,OUT017,
FDT44,OUT017,
FDQ56,OUT045,
NCC54,OUT019,
FDU11,OUT049,
DRL59,OUT013,
FDM24,OUT049,
FDI57,OUT045,
DRC12,OUT018,
NCM42,OUT027,
FDA46,OUT010,
FDA31,OUT013,
NCJ31,OUT035,
FDG52,OUT046,
NCL19,OUT019,
FDS10,OUT035,
FDX22,OUT010,
NCF19,OUT035,
NCE06,OUT046,
DRC27,OUT046,
FDE21,OUT035,
NCR42,OUT019,
FDX51,OUT018,
NCR06,OUT018,
FDU31,OUT027,
FDU59,OUT017,
FDR03,OUT027,
FDS49,OUT027,
FDD48,OUT010,
NCF18,OUT017,
NCD43,OUT027,
NCD54,OUT018,
FDY19,OUT010,
NCY54,OUT017,
NCL19,OUT018,
FDP23,OUT010,
FDC26,OUT013,
FDR14,OUT010,
NCS41,OUT035,
FDF41,OUT035,
FDU34,OUT046,
DRH11,OUT046,
FDM03,OUT013,
FDS31,OUT017,
FDJ20,OUT017,
FDV44,OUT027,
FDG02,OUT049,
FDA09,OUT013,
FDT04,OUT013,
FDL58,OUT019,
FDE52,OUT045,
FDW12,OUT035,
FDL51,OUT017,
NCY42,OUT027,
FDR07,OUT017,
FDN40,OUT045,
FDB35,OUT027,
FDA22,OUT017,
NCL06,OUT046,
FDI35,OUT013,
NCW42,OUT045,
NCX06,OUT049,
FDC37,OUT027,
FDZ14,OUT018,
DRG49,OUT049,
NCG06,OUT045,
DRC36,OUT045,
FDV21,OUT019,
FDB53,OUT046,
DRP47,OUT019,
FDA14,OUT013,
DRC24,OUT035,
FDW21,OUT018,
NCH29,OUT046,
FDU58,OUT013,
FDY27,OUT017,
FDV56,OUT035,
FDT59,OUT046,
FDB23,OUT046,
FDR49,OUT045,
FDB03,OUT010,
FDN39,OUT045,
FDX02,OUT027,
FDQ16,OUT027,
FDU35,OUT018,
NCT29,OUT013,
FDZ27,OUT046,
FDN57,OUT017,
FDA03,OUT018,
FDZ36,OUT045,
NCU05,OUT013,
FDT39,OUT018,
FDK60,OUT017,
FDZ25,OUT017,
FDG12,OUT046,
DRB01,OUT019,
NCC43,OUT027,
FDX13,OUT019,
FDM22,OUT049,
FDJ03,OUT027,
FDU14,OUT018,
FDB33,OUT010,
FDP27,OUT046,
FDO38,OUT010,
FDE28,OUT027,
FDO27,OUT035,
DRL23,OUT027,
FDS28,OUT046,
FDX24,OUT013,
FDZ02,OUT035,
FDL46,OUT045,
FDS60,OUT027,
NCO06,OUT017,
FDO16,OUT035,
FDC60,OUT049,
FDA48,OUT018,
FDZ36,OUT027,
FDK27,OUT045,
FDW23,OUT018,
FDM14,OUT018,
FDM14,OUT013,
FDW60,OUT018,
FDE21,OUT013,
NCM42,OUT035,
FDY59,OUT010,
DRI49,OUT049,
FDT28,OUT019,
FDQ22,OUT018,
FDR60,OUT049,
FDC50,OUT019,
FDV24,OUT013,
DRF48,OUT010,
FDQ47,OUT046,
DRN36,OUT049,
NCY06,OUT035,
FDE52,OUT035,
NCB54,OUT045,
NCF31,OUT035,
FDJ08,OUT027,
NCC07,OUT017,
NCD19,OUT027,
FDL46,OUT049,
FDM20,OUT045,
NCI06,OUT010,
DRM11,OUT035,
NCH07,OUT018,
FDS23,OUT013,
FDO49,OUT018,
FDS35,OUT049,
DRK39,OUT045,
DRI39,OUT049,
FDV04,OUT017,
NCN14,OUT035,
FDH08,OUT013,
FDS20,OUT046,
FDV40,OUT049,
FDZ48,OUT010,
FDS24,OUT027,
FDK44,OUT049,
FDS48,OUT045,
FDK26,OUT010,
FDD23,OUT045,
NCH54,OUT017,
NCP14,OUT010,
FDM60,OUT010,
FDV24,OUT017,
FDH08,OUT018,
FDS12,OUT027,
FDR39,OUT027,
FDP12,OUT027,
DRF60,OUT027,
FDC09,OUT035,
FDF50,OUT018,
FDG28,OUT035,
NCE19,OUT017,
NCM53,OUT010,
NCN18,OUT049,
FDF32,OUT035,
FDF11,OUT013,
DRI59,OUT049,
NCG54,OUT035,
FDM44,OUT046,
FDT57,OUT018,
FDV24,OUT046,
FDI50,OUT019,
FDS09,OUT035,
NCC31,OUT027,
FDQ07,OUT019,
FDC22,OUT017,
FDZ56,OUT046,
FDZ40,OUT019,
FDS46,OUT027,
DRD24,OUT045,
FDV45,OUT017,
FDL26,OUT045,
FDA56,OUT018,
FDN27,OUT046,
FDM20,OUT049,
FDO16,OUT017,
FDL03,OUT035,
FDE58,OUT046,
FDI02,OUT027,
NCC55,OUT019,
FDR03,OUT018,
FDB14,OUT017,
FDR45,OUT013,
NCN07,OUT017,
FDM51,OUT019,
FDT52,OUT027,
FDL26,OUT046,
NCZ42,OUT046,
DRI47,OUT019,
FDW40,OUT013,
FDN34,OUT046,
FDS01,OUT035,
NCG55,OUT045,
FDC11,OUT035,
FDX35,OUT018,
NCB06,OUT046,
FDR09,OUT019,
FDC53,OUT017,
FDY45,OUT013,
FDA22,OUT010,
FDE02,OUT035,
FDW21,OUT045,
FDV34,OUT046,
FDS59,OUT049,
NCW17,OUT017,
NCK54,OUT046,
FDG17,OUT019,
FDG35,OUT017,
FDD08,OUT010,
NCO07,OUT017,
FDJ10,OUT010,
FDW36,OUT017,
FDW21,OUT010,
FDY19,OUT017,
DRE03,OUT013,
NCC55,OUT049,
FDH52,OUT010,
FDO09,OUT017,
FDU43,OUT045,
FDX09,OUT010,
FDH40,OUT019,
FDW58,OUT017,
FDC47,OUT017,
NCR41,OUT035,
DRG49,OUT035,
FDC52,OUT027,
FDY13,OUT046,
FDY35,OUT013,
FDI35,OUT017,
NCU18,OUT049,
FDY33,OUT018,
FDC15,OUT027,
FDU01,OUT049,
NCU42,OUT046,
NCV29,OUT018,
NCY30,OUT017,
FDQ46,OUT049,
FDG58,OUT027,
FDK33,OUT017,
NCD07,OUT045,
NCX29,OUT027,
NCT42,OUT013,
DRN59,OUT035,
FDI44,OUT035,
FDA45,OUT049,
FDP31,OUT045,
FDY01,OUT046,
FDT09,OUT018,
DRH03,OUT027,
FDA36,OUT018,
NCF31,OUT017,
FDG14,OUT049,
FDG28,OUT027,
FDU14,OUT049,
FDY47,OUT019,
FDI56,OUT049,
DRD01,OUT013,
FDM22,OUT046,
FDH33,OUT013,
DRZ24,OUT013,
NCQ38,OUT046,
FDO16,OUT027,
FDU07,OUT027,
NCB07,OUT013,
FDU48,OUT045,
NCM43,OUT045,
FDR31,OUT010,
DRK49,OUT018,
NCI30,OUT010,
DRD60,OUT017,
NCG19,OUT046,
FDH12,OUT035,
FDM32,OUT035,
FDM27,OUT035,
NCU53,OUT027,
NCQ18,OUT046,
FDS10,OUT013,
FDB33,OUT027,
FDI12,OUT013,
NCW42,OUT013,
NCC06,OUT018,
FDW02,OUT017,
NCD43,OUT017,
FDM57,OUT018,
FDA58,OUT017,
FDK56,OUT046,
FDP52,OUT045,
FDW20,OUT018,
FDS52,OUT049,
NCT29,OUT018,
NCL54,OUT013,
FDC05,OUT045,
FDF34,OUT035,
FDP03,OUT027,
FDD32,OUT010,
FDZ10,OUT045,
FDZ40,OUT035,
FDD51,OUT018,
NCY30,OUT019,
FDP58,OUT017,
FDV49,OUT017,
FDY24,OUT019,
NCO55,OUT017,
FDR13,OUT017,
FDS51,OUT017,
FDP26,OUT045,
NCB54,OUT027,
FDF32,OUT017,
FDN31,OUT018,
DRM48,OUT017,
FDN20,OUT049,
DRL01,OUT046,
FDV56,OUT049,
DRH13,OUT027,
FDA03,OUT017,
FDF47,OUT027,
FDX32,OUT046,
FDX57,OUT049,
NCA30,OUT045,
FDO49,OUT013,
FDL04,OUT019,
DRM48,OUT035,
FDR16,OUT013,
NCC19,OUT018,
NCE42,OUT045,
FDY24,OUT017,
FDH19,OUT049,
FDJ46,OUT013,
FDN45,OUT010,
FDY08,OUT035,
FDZ37,OUT035,
NCT30,OUT045,
DRY23,OUT018,
NCZ30,OUT018,
FDC44,OUT018,
FDB45,OUT035,
FDY04,OUT013,
FDM27,OUT046,
FDZ43,OUT017,
FDT39,OUT019,
NCC06,OUT019,
FDL15,OUT027,
FDL57,OUT017,
FDU08,OUT046,
FDK40,OUT017,
FDQ12,OUT010,
FDS48,OUT017,
FDP09,OUT045,
FDW21,OUT049,
FDY25,OUT035,
DRE13,OUT017,
FDV43,OUT019,
FDD22,OUT045,
FDM46,OUT019,
NCO30,OUT010,
FDM25,OUT046,
NCN41,OUT049,
FDU24,OUT045,
FDZ50,OUT046,
FDP45,OUT013,
NCM54,OUT045,
FDW10,OUT019,
FDP20,OUT017,
FDK32,OUT046,
FDN52,OUT049,
FDM58,OUT045,
FDZ46,OUT027,
NCA18,OUT018,
FDD35,OUT046,
NCK31,OUT035,
FDI40,OUT027,
FDT50,OUT019,
NCT06,OUT046,
FDT31,OUT035,
FDT45,OUT049,
FDT13,OUT045,
FDO50,OUT045,
NCU18,OUT010,
NCR54,OUT049,
NCO18,OUT018,
FDU09,OUT045,
FDT13,OUT018,
FDE09,OUT046,
NCK53,OUT019,
FDG45,OUT049,
DRH15,OUT035,
FDO21,OUT019,
FDD14,OUT027,
FDC09,OUT046,
FDH45,OUT027,
FDV32,OUT046,
FDG12,OUT035,
FDS32,OUT013,
NCL55,OUT018,
DRE01,OUT035,
DRE15,OUT049,
NCL42,OUT045,
FDP31,OUT013,
FDN33,OUT018,
FDZ59,OUT046,
FDE45,OUT010,
FDJ07,OUT013,
FDQ45,OUT018,
FDM33,OUT027,
FDO15,OUT010,
FDM46,OUT013,
FDR03,OUT045,
FDY49,OUT018,
FDQ60,OUT045,
FDW10,OUT049,
FDO51,OUT049,
FDJ40,OUT018,
FDS20,OUT018,
FDU45,OUT013,
FDV02,OUT035,
FDN09,OUT046,
NCM55,OUT027,
FDN23,OUT018,
FDY31,OUT010,
FDW03,OUT010,
FDD14,OUT046,
FDV23,OUT017,
DRI03,OUT045,
FDN13,OUT035,
FDF45,OUT027,
FDU46,OUT035,
FDB57,OUT049,
FDV12,OUT049,
FDQ58,OUT013,
NCA18,OUT017,
FDH52,OUT049,
FDM24,OUT018,
NCP43,OUT027,
NCO18,OUT019,
FDM32,OUT017,
NCL07,OUT017,
FDK03,OUT013,
FDP59,OUT017,
FDQ24,OUT049,
FDQ16,OUT018,
FDU44,OUT013,
FDH28,OUT010,
FDV28,OUT019,
FDM22,OUT045,
FDR56,OUT046,
FDV39,OUT049,
FDU37,OUT019,
FDQ11,OUT010,
FDX02,OUT045,
NCS42,OUT018,
FDY57,OUT027,
FDB21,OUT049,
FDE28,OUT017,
FDQ55,OUT017,
FDA48,OUT049,
FDZ19,OUT045,
NCC43,OUT045,
NCV18,OUT046,
NCA42,OUT018,
FDY45,OUT046,
NCC30,OUT045,
FDM57,OUT013,
FDL09,OUT010,
FDB09,OUT027,
FDT44,OUT035,
NCT06,OUT027,
FDX26,OUT049,
FDK32,OUT013,
DRA12,OUT046,
FDO46,OUT010,
FDE52,OUT013,
NCH42,OUT045,
FDV08,OUT035,
FDB47,OUT018,
FDC28,OUT010,
FDD22,OUT046,
FDS07,OUT027,
DRI13,OUT045,
FDG32,OUT018,
FDU14,OUT017,
FDD28,OUT019,
NCP41,OUT017,
FDS08,OUT049,
FDX47,OUT045,
FDC53,OUT019,
FDQ19,OUT035,
FDL14,OUT045,
FDM33,OUT019,
FDA51,OUT045,
FDZ27,OUT018,
FDT04,OUT046,
DRC13,OUT049,
FDR16,OUT027,
FDQ03,OUT027,
FDE38,OUT035,
DRH23,OUT027,
FDT11,OUT019,
FDD09,OUT035,
FDR40,OUT045,
FDX07,OUT017,
FDR07,OUT035,
FDA51,OUT017,
FDT59,OUT019,
FDF20,OUT017,
FDR13,OUT045,
FDY26,OUT049,
FDW04,OUT017,
FDK52,OUT017,
FDN60,OUT049,
FDM09,OUT019,
FDP46,OUT049,
FDB50,OUT019,
NCQ29,OUT049,
FDP16,OUT027,
FDX33,OUT018,
FDP07,OUT010,
FDN22,OUT046,
FDF39,OUT049,
FDS21,OUT017,
NCM42,OUT013,
FDK50,OUT019,
DRF13,OUT027,
FDH35,OUT018,
FDP60,OUT018,
DRJ49,OUT027,
NCT42,OUT019,
FDE38,OUT049,
FDI04,OUT049,
NCH54,OUT045,
FDT56,OUT049,
DRD15,OUT018,
FDV58,OUT013,
FDP21,OUT049,
FDH05,OUT013,
FDR10,OUT027,
NCP06,OUT045,
FDF33,OUT049,
DRK37,OUT013,
DRH49,OUT045,
FDT58,OUT013,
FDD41,OUT018,
FDP40,OUT018,
FDM51,OUT027,
FDO45,OUT010,
FDW33,OUT010,
FDY24,OUT045,
FDB10,OUT010,
FDM40,OUT035,
NCI06,OUT017,
FDW12,OUT019,
FDX48,OUT027,
NCW05,OUT027,
FDX27,OUT017,
DRM37,OUT045,
FDA38,OUT045,
FDR36,OUT046,
FDZ45,OUT046,
FDG05,OUT017,
FDK28,OUT013,
FDV47,OUT045,
FDN21,OUT045,
FDP20,OUT027,
FDI35,OUT045,
DRY23,OUT013,
FDA56,OUT017,
FDB09,OUT013,
NCO26,OUT027,
FDQ49,OUT018,
FDI52,OUT027,
FDZ44,OUT027,
FDZ09,OUT018,
FDY03,OUT049,
NCG42,OUT017,
DRI13,OUT027,
FDQ32,OUT013,
FDW16,OUT035,
FDU27,OUT046,
FDR28,OUT010,
FDQ49,OUT010,
FDS37,OUT046,
FDW26,OUT018,
FDX12,OUT018,
NCP06,OUT013,
FDW45,OUT010,
NCN30,OUT049,
FDN24,OUT049,
NCL41,OUT027,
FDR02,OUT019,
FDD09,OUT010,
FDS33,OUT010,
FDU22,OUT045,
FDI53,OUT013,
DRH01,OUT049,
FDX32,OUT013,
NCP30,OUT018,
FDB60,OUT045,
FDB14,OUT049,
NCP02,OUT035,
FDJ10,OUT017,
FDG34,OUT046,
NCB18,OUT017,
FDM16,OUT049,
FDW25,OUT018,
FDB35,OUT010,
DRN11,OUT013,
FDF41,OUT019,
FDH16,OUT045,
NCQ50,OUT018,
DRH23,OUT018,
DRJ37,OUT013,
DRJ24,OUT027,
FDY16,OUT035,
FDQ27,OUT045,
FDZ33,OUT045,
FDF29,OUT045,
FDA08,OUT049,
FDG31,OUT046,
FDE34,OUT019,
NCR30,OUT027,
FDV33,OUT035,
DRZ24,OUT018,
NCL54,OUT035,
FDR12,OUT049,
NCC54,OUT046,
DRN59,OUT013,
FDX50,OUT019,
FDV31,OUT027,
NCA29,OUT027,
FDW60,OUT049,
FDX08,OUT017,
DRD49,OUT013,
FDD33,OUT046,
FDW35,OUT013,
FDJ36,OUT017,
FDV51,OUT035,
FDW36,OUT046,
FDH35,OUT046,
NCS30,OUT027,
FDN49,OUT017,
FDL08,OUT018,
FDI09,OUT013,
FDP19,OUT018,
FDU21,OUT010,
NCP41,OUT045,
FDY10,OUT013,
FDP12,OUT018,
NCN26,OUT049,
FDK44,OUT013,
FDC28,OUT049,
FDJ41,OUT027,
NCT29,OUT035,
NCH42,OUT019,
FDU60,OUT018,
FDS02,OUT045,
FDC51,OUT046,
FDU03,OUT013,
FDX39,OUT045,
NCY05,OUT010,
NCL06,OUT027,
FDD32,OUT035,
NCN41,OUT045,
NCX53,OUT049,
FDU57,OUT019,
FDQ23,OUT046,
FDQ52,OUT045,
FDC14,OUT045,
FDY09,OUT035,
FDQ28,OUT045,
FDV25,OUT046,
FDJ07,OUT035,
DRB25,OUT049,
FDK52,OUT019,
FDY52,OUT027,
FDB28,OUT046,
FDT36,OUT035,
FDV25,OUT017,
NCN07,OUT027,
FDC57,OUT017,
FDQ03,OUT018,
FDU23,OUT017,
NCX41,OUT035,
NCD06,OUT035,
FDW08,OUT045,
NCU29,OUT017,
NCE06,OUT013,
FDV52,OUT010,
FDB02,OUT017,
NCR18,OUT045,
FDK16,OUT049,
NCQ29,OUT010,
FDZ01,OUT019,
FDW27,OUT035,
FDD17,OUT018,
FDW39,OUT013,
DRH59,OUT045,
FDS52,OUT013,
FDU40,OUT027,
NCF54,OUT013,
FDH46,OUT045,
NCP14,OUT049,
FDH50,OUT049,
DRF15,OUT010,
FDV27,OUT027,
NCJ06,OUT049,
FDN02,OUT018,
FDQ51,OUT049,
FDQ07,OUT017,
FDS45,OUT049,
NCJ06,OUT045,
FDD36,OUT035,
FDY25,OUT045,
FDU52,OUT046,
DRK47,OUT017,
NCL30,OUT017,
FDN22,OUT035,
NCF30,OUT027,
FDK03,OUT035,
FDT45,OUT017,
NCC54,OUT027,
FDP08,OUT018,
FDU44,OUT046,
DRG39,OUT035,
FDU32,OUT049,
FDY27,OUT049,
NCP54,OUT013,
NCZ41,OUT049,
DRL49,OUT013,
FDI05,OUT018,
FDY56,OUT045,
DRC13,OUT013,
NCV29,OUT017,
FDR24,OUT049,
FDZ34,OUT018,
FDP37,OUT035,
FDX08,OUT027,
FDS57,OUT045,
NCG18,OUT049,
FDK25,OUT018,
FDH53,OUT049,
DRI59,OUT018,
FDA52,OUT046,
FDT20,OUT010,
FDE36,OUT019,
FDI24,OUT017,
FDB28,OUT018,
FDV11,OUT017,
FDP01,OUT046,
FDD34,OUT027,
FDJ50,OUT027,
FDZ44,OUT013,
DRO59,OUT035,
DRB48,OUT045,
FDR21,OUT018,
NCE42,OUT010,
FDO23,OUT046,
NCE30,OUT018,
FDQ22,OUT035,
FDY01,OUT045,
FDS08,OUT017,
FDG28,OUT018,
FDQ51,OUT018,
FDB05,OUT017,
FDO56,OUT049,
FDE02,OUT018,
FDN45,OUT017,
FDS09,OUT013,
NCA54,OUT018,
FDP09,OUT010,
FDC53,OUT045,
NCM55,OUT017,
FDL09,OUT018,
FDA11,OUT019,
FDA50,OUT045,
FDC23,OUT017,
FDE22,OUT049,
FDD23,OUT046,
NCA29,OUT049,
FDK38,OUT046,
DRC13,OUT046,
NCP43,OUT049,
FDX28,OUT049,
FDF08,OUT049,
FDZ33,OUT046,
FDD10,OUT049,
FDO58,OUT017,
FDI50,OUT017,
FDO58,OUT045,
FDX08,OUT013,
NCK17,OUT010,
FDF39,OUT035,
FDU45,OUT010,
NCJ18,OUT018,
DRC27,OUT019,
DRC25,OUT035,
FDU59,OUT035,
FDU28,OUT035,
NCP30,OUT046,
FDB39,OUT018,
FDE41,OUT013,
DRH11,OUT010,
FDA58,OUT045,
FDU50,OUT046,
FDM34,OUT013,
FDM44,OUT027,
FDR39,OUT045,
FDM25,OUT045,
FDQ49,OUT049,
DRH25,OUT018,
FDM09,OUT027,
FDL44,OUT019,
NCR42,OUT018,
DRL59,OUT046,
FDX43,OUT013,
DRK47,OUT010,
FDU48,OUT018,
FDY12,OUT045,
NCN43,OUT018,
NCM55,OUT018,
FDQ21,OUT027,
FDX13,OUT035,
NCK30,OUT027,
FDG20,OUT049,
DRG27,OUT017,
FDY14,OUT018,
FDP59,OUT035,
FDU60,OUT017,
NCC18,OUT019,
DRJ39,OUT017,
FDS07,OUT049,
FDM08,OUT027,
FDP51,OUT045,
FDU16,OUT035,
FDH12,OUT013,
DRE48,OUT010,
NCL42,OUT027,
FDR21,OUT045,
NCW29,OUT035,
FDO11,OUT013,
NCM31,OUT049,
FDV35,OUT019,
FDF58,OUT017,
NCE43,OUT049,
FDA02,OUT035,
DRL37,OUT010,
FDR24,OUT018,
FDW59,OUT049,
FDS22,OUT049,
FDW24,OUT017,
FDU24,OUT035,
FDA21,OUT027,
FDH58,OUT027,
FDW36,OUT018,
FDI45,OUT027,
FDU01,OUT018,
FDF35,OUT027,
FDU43,OUT019,
FDE24,OUT019,
FDK50,OUT049,
FDG31,OUT045,
FDC60,OUT045,
FDL36,OUT013,
FDP21,OUT013,
FDW16,OUT045,
FDX02,OUT017,
FDQ58,OUT027,
FDT51,OUT046,
FDD59,OUT049,
NCM42,OUT018,
FDA57,OUT018,
FDZ48,OUT035,
FDE46,OUT045,
NCZ30,OUT019,
FDB56,OUT017,
FDA25,OUT027,
FDD20,OUT013,
FDL25,OUT013,
NCO18,OUT049,
FDJ45,OUT017,
FDR12,OUT035,
NCF19,OUT010,
FDK25,OUT046,
NCR17,OUT046,
FDC52,OUT046,
NCA54,OUT017,
FDR45,OUT010,
NCM19,OUT049,
FDF39,OUT027,
FDX23,OUT049,
FDD58,OUT027,
FDX28,OUT013,
NCD31,OUT013,
FDU57,OUT018,
FDI27,OUT046,
NCM42,OUT046,
FDD32,OUT027,
FDI34,OUT013,
NCM29,OUT049,
FDG46,OUT018,
DRC01,OUT010,
FDB15,OUT027,
NCA17,OUT027,
FDF10,OUT046,
FDR26,OUT027,
FDI02,OUT049,
NCM54,OUT010,
FDF14,OUT013,
FDJ33,OUT010,
FDM20,OUT035,
FDC03,OUT027,
NCX05,OUT046,
NCM41,OUT027,
NCU29,OUT010,
FDQ59,OUT017,
FDH46,OUT010,
FDH09,OUT013,
NCD06,OUT045,
FDC15,OUT035,
DRD37,OUT027,
FDT28,OUT027,
FDR28,OUT027,
FDT38,OUT017,
FDV34,OUT027,
FDY52,OUT035,
FDB34,OUT013,
DRL23,OUT018,
DRB24,OUT046,
FDJ50,OUT046,
FDQ49,OUT035,
FDP20,OUT035,
FDV19,OUT027,
NCR54,OUT045,
FDO09,OUT010,
FDS57,OUT018,
FDN10,OUT049,
FDV23,OUT049,
FDY28,OUT049,
DRG51,OUT013,
FDD45,OUT019,
NCL18,OUT027,
NCM29,OUT013,
FDF17,OUT027,
FDE22,OUT017,
FDQ22,OUT017,
FDS01,OUT013,
FDW35,OUT027,
FDJ33,OUT046,
NCF54,OUT035,
FDE09,OUT013,
NCE06,OUT045,
DRH49,OUT049,
FDY43,OUT045,
NCT05,OUT017,
FDZ34,OUT045,
FDL38,OUT017,
FDZ31,OUT017,
FDR14,OUT035,
NCN54,OUT049,
NCC42,OUT027,
FDK08,OUT017,
FDP59,OUT013,
FDV22,OUT035,
FDD33,OUT035,
DRE60,OUT027,
FDK52,OUT046,
FDA02,OUT017,
FDM56,OUT049,
FDE57,OUT035,
FDM32,OUT045,
NCQ30,OUT027,
FDQ27,OUT027,
FDT60,OUT027,
FDU43,OUT049,
NCO55,OUT035,
FDG02,OUT045,
FDJ28,OUT013,
FDP40,OUT045,
FDJ38,OUT045,
NCC54,OUT017,
NCZ41,OUT046,
FDK38,OUT019,
FDU52,OUT013,
FDC40,OUT046,
NCR30,OUT017,
NCN18,OUT017,
FDB50,OUT035,
FDG04,OUT013,
FDR26,OUT035,
NCT17,OUT018,
FDX35,OUT027,
FDS12,OUT046,
NCZ29,OUT027,
FDB38,OUT010,
FDP12,OUT013,
FDP22,OUT046,
FDS26,OUT018,
FDR52,OUT046,
DRJ13,OUT046,
FDU48,OUT027,
FDE29,OUT035,
NCT29,OUT049,
DRK37,OUT018,
FDK55,OUT046,
FDR07,OUT046,
FDO21,OUT027,
FDK46,OUT049,
FDB12,OUT045,
FDT31,OUT027,
FDJ33,OUT045,
FDC26,OUT027,
NCQ02,OUT045,
FDP08,OUT010,
FDB11,OUT027,
FDV55,OUT013,
FDW20,OUT049,
NCJ18,OUT019,
FDC41,OUT018,
FDE14,OUT027,
FDG35,OUT013,
FDF45,OUT035,
FDS19,OUT027,
FDS58,OUT019,
FDA26,OUT017,
FDM32,OUT049,
FDL45,OUT046,
FDZ55,OUT049,
FDY37,OUT049,
FDO46,OUT046,
FDQ60,OUT046,
FDA19,OUT018,
FDL15,OUT046,
FDM10,OUT018,
NCL05,OUT017,
DRK49,OUT010,
NCE18,OUT027,
FDG40,OUT049,
DRI59,OUT045,
FDK28,OUT035,
NCD06,OUT019,
FDO11,OUT019,
FDK27,OUT046,
FDT43,OUT027,
FDD38,OUT018,
FDA16,OUT049,
FDL14,OUT027,
NCM17,OUT049,
FDD20,OUT045,
FDA40,OUT045,
FDL43,OUT045,
FDV15,OUT045,
FDE52,OUT046,
NCL17,OUT010,
NCJ31,OUT045,
FDR60,OUT045,
NCA18,OUT035,
FDS21,OUT027,
FDW09,OUT035,
FDL26,OUT035,
FDS47,OUT018,
FDC39,OUT046,
FDT51,OUT035,
FDK40,OUT035,
NCG19,OUT045,
FDZ07,OUT046,
FDF08,OUT027,
FDO04,OUT013,
FDK41,OUT018,
FDP15,OUT049,
NCD43,OUT018,
NCP18,OUT013,
FDZ51,OUT046,
DRH13,OUT035,
FDF38,OUT045,
NCI43,OUT045,
FDM38,OUT027,
FDS03,OUT013,
DRJ47,OUT017,
FDT50,OUT010,
FDV02,OUT046,
NCG18,OUT017,
FDW52,OUT046,
FDS40,OUT035,
FDN31,OUT017,
FDA37,OUT045,
FDA15,OUT046,
FDL39,OUT046,
FDJ53,OUT045,
FDX22,OUT013,
NCZ42,OUT045,
FDD56,OUT027,
FDD40,OUT017,
FDS50,OUT013,
NCN14,OUT013,
FDT15,OUT013,
NCS18,OUT027,
NCO26,OUT010,
FDF58,OUT018,
NCB19,OUT013,
FDH26,OUT017,
DRB24,OUT027,
FDA49,OUT018,
FDB32,OUT045,
FDI36,OUT017,
NCA17,OUT010,
FDH22,OUT013,
NCM26,OUT018,
FDT15,OUT027,
FDB16,OUT018,
NCP54,OUT027,
FDJ36,OUT013,
FDO28,OUT045,
FDU09,OUT013,
FDF29,OUT017,
FDY08,OUT013,
DRJ59,OUT018,
FDT23,OUT027,
FDU15,OUT018,
FDT47,OUT013,
FDI53,OUT019,
FDR59,OUT018,
FDD53,OUT035,
FDY51,OUT017,
FDT04,OUT049,
FDU51,OUT049,
FDG14,OUT035,
NCU06,OUT045,
DRG25,OUT046,
DRH49,OUT035,
FDN15,OUT035,
FDL43,OUT018,
NCT18,OUT049,
NCB31,OUT013,
FDK57,OUT035,
FDY04,OUT019,
NCP54,OUT046,
FDF41,OUT013,
FDM01,OUT045,
FDW03,OUT045,
FDF28,OUT045,
FDY37,OUT017,
FDQ03,OUT017,
FDP51,OUT027,
FDJ40,OUT017,
FDC32,OUT049,
DRI49,OUT027,
NCW54,OUT017,
FDF09,OUT017,
FDP45,OUT018,
DRJ23,OUT018,
FDS59,OUT017,
FDY08,OUT046,
FDX16,OUT049,
FDY16,OUT018,
FDK32,OUT035,
FDQ22,OUT013,
NCC31,OUT018,
FDG58,OUT049,
DRF48,OUT013,
DRH36,OUT049,
NCR30,OUT035,
FDB03,OUT019,
FDZ28,OUT027,
FDR35,OUT017,
DRD15,OUT027,
FDJ33,OUT019,
FDA56,OUT010,
FDP56,OUT046,
NCT30,OUT046,
FDK15,OUT017,
FDH44,OUT018,
FDV01,OUT013,
DRG03,OUT017,
FDG50,OUT027,
FDR16,OUT010,
FDZ60,OUT046,
DRG03,OUT045,
FDS56,OUT018,
FDU33,OUT045,
DRD27,OUT035,
FDW22,OUT046,
DRA24,OUT045,
FDF38,OUT049,
FDX48,OUT013,
FDS58,OUT018,
FDC32,OUT046,
NCQ29,OUT045,
DRK39,OUT018,
NCS38,OUT017,
DRO47,OUT013,
DRG27,OUT027,
FDC57,OUT027,
FDS55,OUT046,
NCJ06,OUT018,
FDO01,OUT019,
NCM55,OUT045,
FDC52,OUT049,
FDQ15,OUT045,
NCT30,OUT027,
NCR42,OUT027,
FDD28,OUT035,
FDQ34,OUT049,
FDZ12,OUT027,
DRE13,OUT019,
NCN07,OUT019,
FDM28,OUT035,
FDI10,OUT017,
FDQ25,OUT013,
FDA38,OUT010,
DRI13,OUT049,
FDY20,OUT027,
NCZ53,OUT035,
NCM31,OUT013,
DRB01,OUT017,
DRF37,OUT046,
NCF42,OUT049,
FDF16,OUT018,
FDB41,OUT013,
FDR34,OUT013,
FDR15,OUT018,
NCV42,OUT019,
FDW51,OUT035,
FDU36,OUT017,
FDX60,OUT049,
FDY03,OUT035,
FDW55,OUT045,
FDT01,OUT010,
FDG58,OUT013,
FDK21,OUT017,
NCS41,OUT019,
FDS10,OUT045,
NCT53,OUT046,
FDJ28,OUT018,
FDX44,OUT045,
FDT20,OUT018,
FDO44,OUT017,
NCX17,OUT049,
FDY01,OUT017,
FDJ12,OUT027,
DRK35,OUT018,
FDD47,OUT019,
NCM53,OUT035,
FDO45,OUT013,
NCM42,OUT010,
FDE04,OUT046,
NCI30,OUT027,
FDZ19,OUT013,
FDW57,OUT013,
FDA25,OUT013,
FDT22,OUT046,
FDP51,OUT013,
FDD48,OUT027,
FDY39,OUT035,
FDO48,OUT010,
FDD23,OUT027,
DRN35,OUT027,
FDT01,OUT035,
FDC20,OUT010,
DRJ35,OUT035,
FDB32,OUT046,
FDL24,OUT046,
NCV42,OUT035,
FDZ46,OUT046,
FDC15,OUT013,
FDD08,OUT019,
FDY50,OUT049,
FDD36,OUT013,
FDG57,OUT027,
FDL21,OUT018,
FDN16,OUT027,
FDJ09,OUT027,
FDS01,OUT010,
FDV33,OUT017,
DRE12,OUT017,
FDR07,OUT013,
FDP48,OUT010,
NCB55,OUT035,
FDQ08,OUT013,
FDR34,OUT035,
FDO33,OUT046,
FDP13,OUT045,
FDX12,OUT049,
NCT06,OUT049,
FDR16,OUT019,
FDE36,OUT046,
FDZ36,OUT049,
FDV13,OUT045,
NCZ17,OUT035,
FDU56,OUT045,
FDM09,OUT035,
FDV02,OUT017,
FDS34,OUT018,
FDA11,OUT049,
FDP09,OUT017,
FDB29,OUT027,
FDT19,OUT017,
DRH15,OUT017,
FDY38,OUT046,
FDF14,OUT027,
FDN48,OUT010,
FDQ12,OUT013,
NCJ43,OUT045,
FDE17,OUT019,
FDB05,OUT035,
FDH10,OUT045,
NCR06,OUT017,
FDU32,OUT018,
FDD56,OUT049,
FDO36,OUT018,
FDH16,OUT010,
FDX10,OUT018,
FDZ37,OUT017,
FDU31,OUT010,
DRC49,OUT049,
FDL15,OUT045,
FDN32,OUT019,
DRH59,OUT027,
NCU29,OUT049,
FDR37,OUT019,
FDS14,OUT018,
FDU02,OUT027,
FDJ08,OUT035,
NCZ06,OUT045,
FDO31,OUT049,
FDH31,OUT018,
FDS58,OUT017,
NCA53,OUT027,
FDF50,OUT046,
NCW42,OUT049,
NCQ17,OUT045,
FDK51,OUT018,
NCW41,OUT010,
NCR29,OUT017,
FDB08,OUT019,
FDA40,OUT027,
FDL14,OUT018,
FDB47,OUT046,
FDO03,OUT035,
DRK13,OUT019,
FDX13,OUT010,
FDF52,OUT046,
FDT11,OUT013,
FDB08,OUT013,
FDQ28,OUT018,
FDD29,OUT045,
NCQ29,OUT027,
NCO02,OUT013,
FDR56,OUT010,
NCM54,OUT049,
FDP51,OUT035,
FDT38,OUT013,
FDZ20,OUT018,
FDJ53,OUT013,
FDX13,OUT049,
FDP58,OUT035,
NCK31,OUT019,
FDA35,OUT018,
FDV37,OUT018,
NCO07,OUT027,
FDA20,OUT045,
FDZ59,OUT035,
NCY17,OUT017,
FDQ28,OUT035,
FDV35,OUT017,
FDQ36,OUT013,
FDD34,OUT018,
FDK51,OUT045,
FDV31,OUT035,
FDR04,OUT035,
FDR14,OUT049,
DRC36,OUT010,
FDE39,OUT019,
FDP57,OUT049,
FDE57,OUT046,
NCN18,OUT046,
NCQ05,OUT018,
FDW47,OUT035,
FDV46,OUT035,
NCP29,OUT045,
FDE09,OUT018,
NCU06,OUT027,
FDT19,OUT010,
DRF15,OUT017,
DRI51,OUT013,
NCX54,OUT013,
DRE01,OUT013,
NCB07,OUT045,
FDU50,OUT035,
FDG40,OUT035,
FDW10,OUT018,
FDX51,OUT013,
NCP17,OUT045,
FDP21,OUT035,
FDL04,OUT045,
FDV23,OUT013,
FDF24,OUT046,
FDH56,OUT027,
FDB51,OUT049,
FDI58,OUT027,
FDR20,OUT013,
FDC51,OUT018,
FDB16,OUT027,
FDE40,OUT049,
NCM17,OUT035,
FDU56,OUT035,
FDS32,OUT019,
FDX02,OUT049,
FDT39,OUT027,
FDE35,OUT017,
NCI42,OUT019,
DRL23,OUT046,
FDA10,OUT046,
FDA11,OUT013,
NCM06,OUT046,
NCT05,OUT035,
NCQ02,OUT010,
NCY06,OUT049,
FDY56,OUT035,
FDL02,OUT035,
NCI06,OUT035,
FDQ14,OUT045,
FDQ12,OUT017,
FDP36,OUT046,
FDK21,OUT027,
FDO40,OUT045,
NCK54,OUT019,
FDY09,OUT018,
NCW30,OUT049,
NCC55,OUT027,
FDE58,OUT018,
FDR39,OUT013,
FDU28,OUT049,
FDH08,OUT017,
FDG35,OUT045,
FDG22,OUT049,
FDC34,OUT035,
FDP15,OUT018,
FDK34,OUT010,
FDU45,OUT035,
FDQ04,OUT027,
FDX22,OUT018,
FDB45,OUT017,
NCH43,OUT027,
DRE60,OUT046,
FDD17,OUT027,
NCM54,OUT017,
NCH55,OUT013,
NCT06,OUT017,
FDA48,OUT027,
FDY58,OUT027,
FDO25,OUT045,
FDN50,OUT045,
FDH35,OUT035,
FDK09,OUT045,
FDO16,OUT013,
FDW11,OUT045,
FDU47,OUT027,
NCQ42,OUT010,
FDK55,OUT027,
FDN08,OUT049,
FDT57,OUT045,
FDJ12,OUT018,
DRL59,OUT017,
NCN53,OUT046,
FDO51,OUT010,
FDK56,OUT017,
FDY12,OUT035,
FDU15,OUT035,
FDQ19,OUT046,
DRF15,OUT045,
DRE25,OUT019,
FDK57,OUT018,
FDD33,OUT010,
FDR34,OUT027,
FDU04,OUT045,
FDE35,OUT019,
NCD31,OUT035,
FDJ56,OUT035,
NCU53,OUT046,
FDD39,OUT035,
NCU17,OUT019,
FDJ20,OUT046,
NCW41,OUT018,
FDL52,OUT035,
FDS39,OUT035,
DRJ47,OUT045,
FDP13,OUT010,
DRK39,OUT010,
FDF28,OUT010,
FDB09,OUT045,
FDM51,OUT046,
DRM49,OUT018,
DRF23,OUT013,
DRH01,OUT035,
FDH12,OUT027,
FDA28,OUT019,
FDW37,OUT018,
FDF02,OUT046,
DRL37,OUT046,
NCF43,OUT046,
FDH08,OUT010,
FDR34,OUT019,
NCK19,OUT049,
NCD55,OUT018,
FDT27,OUT049,
FDQ57,OUT045,
FDA47,OUT035,
DRG15,OUT027,
FDE05,OUT018,
FDN46,OUT046,
FDX27,OUT027,
FDT51,OUT045,
FDU33,OUT013,
FDJ16,OUT027,
FDD20,OUT019,
FDT36,OUT049,
DRF15,OUT027,
FDN52,OUT010,
FDC22,OUT027,
FDX15,OUT045,
FDT13,OUT013,
FDU04,OUT017,
FDU31,OUT019,
FDW59,OUT027,
NCO29,OUT046,
FDL15,OUT035,
FDI41,OUT049,
FDQ48,OUT049,
DRI39,OUT013,
FDI08,OUT013,
FDC21,OUT049,
FDF58,OUT035,
FDS08,OUT010,
FDE47,OUT045,
NCP18,OUT019,
NCR41,OUT013,
FDA27,OUT013,
FDA43,OUT035,
FDA49,OUT045,
NCE55,OUT018,
DRM49,OUT027,
FDF22,OUT027,
FDQ15,OUT018,
NCS54,OUT017,
NCY05,OUT013,
FDR45,OUT046,
FDK57,OUT049,
FDF41,OUT010,
FDV21,OUT046,
FDD51,OUT046,
FDF33,OUT046,
FDA38,OUT046,
FDR56,OUT045,
NCN41,OUT017,
FDC60,OUT027,
FDB47,OUT045,
DRH01,OUT013,
FDW08,OUT046,
FDF38,OUT027,
FDY32,OUT017,
FDG34,OUT049,
FDG47,OUT019,
NCF18,OUT035,
FDL39,OUT019,
NCH55,OUT035,
DRJ35,OUT049,
FDS44,OUT035,
DRE01,OUT018,
FDY39,OUT013,
FDY32,OUT018,
FDR33,OUT027,
NCP50,OUT049,
FDZ47,OUT018,
FDU57,OUT049,
FDY44,OUT013,
DRH59,OUT018,
FDB03,OUT027,
FDY46,OUT045,
FDM39,OUT045,
FDY36,OUT035,
NCM55,OUT035,
FDJ50,OUT010,
DRL60,OUT013,
NCJ54,OUT049,
FDX59,OUT017,
FDI07,OUT013,
DRF51,OUT010,
FDM14,OUT017,
FDP21,OUT045,
FDE40,OUT035,
FDE05,OUT035,
FDM13,OUT027,
FDC34,OUT027,
NCI55,OUT018,
NCE43,OUT018,
FDW58,OUT018,
FDG60,OUT045,
FDV31,OUT017,
FDR47,OUT013,
FDM60,OUT019,
NCF06,OUT018,
NCN26,OUT027,
FDQ59,OUT049,
FDF09,OUT046,
NCS06,OUT017,
FDT44,OUT046,
FDI19,OUT017,
FDT22,OUT017,
NCF54,OUT027,
DRG25,OUT045,
FDB59,OUT017,
FDQ37,OUT017,
FDP56,OUT035,
FDW44,OUT035,
FDJ26,OUT010,
FDU43,OUT018,
FDW33,OUT045,
NCX53,OUT027,
FDN56,OUT010,
DRF15,OUT049,
FDO33,OUT017,
FDZ39,OUT010,
NCJ19,OUT017,
FDU01,OUT035,
FDT12,OUT035,
NCM18,OUT018,
FDP19,OUT017,
NCR42,OUT049,
FDN10,OUT046,
FDG44,OUT017,
FDQ10,OUT046,
DRH13,OUT049,
FDT52,OUT013,
FDM56,OUT045,
NCO43,OUT010,
NCV29,OUT035,
NCF06,OUT013,
FDO50,OUT035,
FDT59,OUT013,
FDX40,OUT027,
FDE50,OUT017,
FDX51,OUT017,
NCD30,OUT018,
FDK15,OUT013,
FDL12,OUT045,
FDK46,OUT017,
DRH49,OUT010,
FDQ57,OUT046,
FDY59,OUT017,
FDO09,OUT018,
NCG30,OUT035,
FDM09,OUT017,
NCN17,OUT027,
NCS42,OUT013,
FDD02,OUT019,
FDE34,OUT013,
FDU38,OUT045,
FDB33,OUT046,
NCJ29,OUT017,
FDZ27,OUT035,
FDI40,OUT013,
FDG22,OUT013,
FDT51,OUT017,
FDF20,OUT018,
FDV50,OUT035,
FDT02,OUT049,
DRC49,OUT017,
FDF26,OUT049,
FDV52,OUT035,
FDX59,OUT049,
FDV25,OUT035,
FDW23,OUT027,
FDE53,OUT018,
FDA19,OUT017,
FDH22,OUT046,
NCO41,OUT013,
FDX12,OUT017,
FDF17,OUT013,
FDS11,OUT045,
FDR51,OUT035,
FDT49,OUT010,
FDC56,OUT013,
FDR13,OUT027,
FDQ60,OUT035,
FDN38,OUT049,
NCL29,OUT013,
FDO13,OUT027,
FDE26,OUT018,
FDA31,OUT010,
FDX14,OUT035,
FDA34,OUT045,
FDF26,OUT013,
FDE38,OUT045,
DRI11,OUT046,
FDQ60,OUT027,
FDL21,OUT027,
DRC12,OUT027,
FDC47,OUT046,
FDE57,OUT045,
FDT14,OUT045,
NCZ53,OUT046,
FDE28,OUT018,
FDR19,OUT035,
NCF54,OUT019,
FDZ08,OUT046,
NCJ05,OUT018,
FDF59,OUT046,
NCO05,OUT035,
FDW24,OUT018,
NCX42,OUT018,
NCA53,OUT035,
FDI45,OUT019,
FDG46,OUT046,
FDM20,OUT010,
FDW11,OUT010,
FDX08,OUT035,
NCK17,OUT035,
FDK32,OUT018,
NCA42,OUT035,
DRI01,OUT035,
NCL55,OUT049,
DRE25,OUT018,
FDD14,OUT017,
FDB10,OUT046,
DRN11,OUT035,
FDP38,OUT018,
NCA30,OUT017,
FDT15,OUT017,
NCP55,OUT018,
FDF12,OUT035,
FDM21,OUT018,
FDX56,OUT035,
FDF10,OUT017,
FDT32,OUT045,
FDM51,OUT018,
NCR50,OUT018,
FDI19,OUT049,
FDX21,OUT017,
FDR31,OUT035,
FDY02,OUT013,
NCA29,OUT045,
NCX17,OUT046,
FDM12,OUT045,
FDI53,OUT027,
NCU30,OUT049,
FDC56,OUT027,
FDK27,OUT018,
NCK18,OUT017,
FDB52,OUT019,
DRG25,OUT027,
FDZ13,OUT049,
FDB57,OUT019,
FDR40,OUT046,
NCO14,OUT019,
NCN19,OUT045,
FDQ28,OUT019,
FDO13,OUT018,
FDK48,OUT013,
FDU07,OUT018,
FDW20,OUT046,
FDV12,OUT010,
FDH24,OUT013,
FDV59,OUT049,
FDK57,OUT045,
FDL16,OUT027,
NCQ17,OUT046,
FDJ15,OUT018,
FDX24,OUT049,
FDT47,OUT046,
FDT10,OUT049,
FDZ37,OUT018,
FDW43,OUT027,
DRN36,OUT017,
FDJ14,OUT045,
FDA32,OUT013,
FDJ38,OUT019,
FDQ57,OUT017,
NCQ41,OUT019,
FDG56,OUT049,
DRC13,OUT027,
FDV55,OUT035,
FDQ49,OUT045,
FDE29,OUT010,
FDR03,OUT013,
FDD45,OUT049,
FDN38,OUT010,
FDT56,OUT046,
FDT48,OUT045,
FDU03,OUT049,
FDC56,OUT010,
NCO43,OUT027,
FDQ27,OUT017,
FDR03,OUT046,
DRH23,OUT010,
FDG22,OUT045,
NCJ42,OUT013,
FDR24,OUT046,
FDW60,OUT035,
FDJ08,OUT013,
DRL59,OUT018,
FDG60,OUT010,
FDW27,OUT017,
FDX14,OUT018,
FDC20,OUT013,
NCS29,OUT018,
FDJ56,OUT046,
FDB20,OUT019,
FDL28,OUT027,
FDW01,OUT018,
FDL03,OUT046,
FDX22,OUT049,
FDJ21,OUT035,
FDR31,OUT045,
FDG21,OUT035,
FDS22,OUT027,
FDK08,OUT035,
FDE17,OUT018,
NCN30,OUT017,
FDT50,OUT046,
NCX42,OUT049,
FDJ12,OUT035,
NCA18,OUT027,
FDP23,OUT019,
FDX12,OUT013,
FDN40,OUT018,
FDV48,OUT035,
NCY54,OUT013,
FDL16,OUT010,
FDR45,OUT018,
FDJ52,OUT046,
DRG01,OUT017,
FDP52,OUT013,
FDU58,OUT017,
FDL02,OUT045,
FDG28,OUT013,
FDA19,OUT035,
FDW46,OUT027,
NCD43,OUT049,
DRG39,OUT013,
NCF55,OUT049,
FDJ07,OUT046,
FDE08,OUT046,
FDP56,OUT019,
FDT45,OUT045,
FDF17,OUT018,
FDX44,OUT046,
FDM28,OUT027,
FDI36,OUT049,
FDS07,OUT045,
FDD36,OUT045,
FDW11,OUT046,
FDN40,OUT049,
NCQ18,OUT049,
NCQ54,OUT017,
NCS42,OUT045,
DRH39,OUT010,
FDC09,OUT027,
FDT08,OUT010,
FDC08,OUT035,
FDT20,OUT017,
FDS35,OUT035,
FDX58,OUT018,
FDW58,OUT046,
DRD27,OUT046,
FDH32,OUT019,
FDS26,OUT035,
FDQ31,OUT046,
FDP11,OUT018,
FDD58,OUT017,
FDM33,OUT045,
FDZ16,OUT049,
NCS29,OUT010,
NCM18,OUT019,
FDP11,OUT049,
NCC42,OUT017,
DRM23,OUT046,
NCN55,OUT027,
FDK46,OUT013,
FDR01,OUT046,
NCA05,OUT045,
NCP43,OUT017,
FDR12,OUT010,
FDQ01,OUT013,
FDM13,OUT046,
FDQ19,OUT017,
FDK56,OUT019,
NCX06,OUT010,
FDO56,OUT027,
FDU45,OUT045,
FDI16,OUT019,
FDL32,OUT046,
FDA07,OUT046,
FDA14,OUT045,
FDV46,OUT027,
NCO07,OUT035,
NCP41,OUT046,
FDY60,OUT018,
FDN38,OUT017,
FDO15,OUT046,
FDT60,OUT013,
FDA55,OUT035,
FDE02,OUT010,
DRJ39,OUT049,
FDV34,OUT035,
FDS20,OUT027,
FDF02,OUT027,
FDW40,OUT017,
NCB43,OUT046,
FDR58,OUT017,
DRJ59,OUT035,
NCD30,OUT017,
FDE14,OUT017,
FDC28,OUT018,
FDU16,OUT018,
NCD19,OUT035,
FDU21,OUT046,
FDV59,OUT027,
FDU03,OUT045,
FDC33,OUT010,
NCR42,OUT035,
DRH59,OUT035,
NCM31,OUT035,
FDS50,OUT035,
FDP39,OUT046,
FDQ55,OUT013,
FDV36,OUT019,
FDI05,OUT027,
FDS45,OUT027,
FDA39,OUT045,
FDC37,OUT010,
FDJ60,OUT027,
DRQ35,OUT046,
NCJ06,OUT046,
NCY42,OUT018,
DRM37,OUT049,
FDR14,OUT045,
FDE51,OUT049,
FDT33,OUT017,
FDR08,OUT013,
FDE36,OUT010,
FDL22,OUT019,
FDR44,OUT013,
FDI56,OUT019,
FDE47,OUT010,
FDV27,OUT010,
FDV10,OUT049,
FDC40,OUT045,
NCX41,OUT013,
NCQ38,OUT027,
FDV12,OUT027,
FDE52,OUT017,
FDG20,OUT027,
FDV16,OUT027,
FDI32,OUT017,
FDJ32,OUT049,
FDN39,OUT018,
FDY34,OUT017,
FDC14,OUT035,
FDA55,OUT017,
FDZ50,OUT010,
DRG13,OUT049,
FDP01,OUT013,
NCG54,OUT017,
FDM13,OUT045,
NCO18,OUT027,
NCW41,OUT013,
FDM52,OUT027,
NCF55,OUT035,
FDT09,OUT046,
NCM19,OUT035,
FDW12,OUT018,
FDP15,OUT019,
FDK36,OUT045,
FDZ25,OUT035,
NCW06,OUT049,
FDW60,OUT046,
DRC49,OUT013,
NCT17,OUT035,
NCN06,OUT018,
FDC45,OUT013,
DRJ47,OUT019,
NCF06,OUT045,
FDE21,OUT010,
DRG27,OUT013,
FDW40,OUT049,
NCO53,OUT046,
FDE23,OUT049,
FDQ16,OUT046,
FDS26,OUT045,
FDZ13,OUT010,
FDS14,OUT049,
FDC10,OUT045,
FDY16,OUT049,
FDJ20,OUT035,
FDV43,OUT035,
FDZ32,OUT027,
FDR23,OUT046,
FDN24,OUT035,
FDE34,OUT027,
FDU31,OUT013,
FDW33,OUT018,
FDU26,OUT046,
FDE20,OUT027,
NCW05,OUT035,
FDB22,OUT018,
FDO56,OUT046,
FDA19,OUT027,
DRI39,OUT045,
FDH52,OUT018,
FDZ50,OUT035,
NCN42,OUT035,
FDB53,OUT013,
DRG11,OUT017,
DRK11,OUT027,
FDQ60,OUT017,
FDT36,OUT017,
DRG25,OUT018,
DRJ23,OUT046,
FDG05,OUT035,
NCK06,OUT018,
FDU52,OUT017,
FDW07,OUT018,
NCM17,OUT045,
FDA22,OUT045,
NCA41,OUT018,
FDF38,OUT035,
FDH52,OUT046,
FDY58,OUT019,
FDZ16,OUT045,
NCM18,OUT017,
FDA22,OUT018,
NCJ43,OUT035,
FDI34,OUT027,
FDG56,OUT046,
FDS34,OUT046,
DRC01,OUT035,
FDQ04,OUT035,
FDK04,OUT035,
FDT51,OUT049,
FDV26,OUT017,
FDS04,OUT049,
FDW43,OUT018,
FDQ28,OUT010,
NCK06,OUT017,
FDS23,OUT018,
FDZ36,OUT019,
FDE56,OUT018,
FDW10,OUT027,
NCN14,OUT045,
NCQ18,OUT045,
FDW08,OUT017,
FDU43,OUT035,
FDR33,OUT010,
FDM24,OUT010,
NCZ05,OUT046,
NCV41,OUT035,
FDV11,OUT018,
NCY05,OUT035,
FDV44,OUT018,
FDW32,OUT049,
NCU18,OUT027,
NCC43,OUT035,
FDW19,OUT013,
FDN31,OUT035,
FDI48,OUT045,
FDS24,OUT017,
FDF46,OUT049,
DRG23,OUT017,
FDG14,OUT018,
NCY30,OUT049,
FDO28,OUT018,
DRD24,OUT035,
FDI33,OUT049,
FDN32,OUT046,
FDR16,OUT045,
FDF26,OUT046,
NCN29,OUT018,
FDE20,OUT045,
FDA46,OUT046,
FDU28,OUT045,
FDQ48,OUT045,
FDV36,OUT013,
FDR14,OUT018,
FDP23,OUT017,
FDP56,OUT013,
FDK48,OUT010,
FDR48,OUT046,
NCY29,OUT049,
FDM22,OUT018,
DRJ01,OUT013,
FDZ43,OUT045,
FDV03,OUT035,
FDX11,OUT027,
NCA41,OUT027,
FDE38,OUT017,
FDI27,OUT018,
FDN32,OUT013,
NCN43,OUT017,
FDB47,OUT027,
FDV03,OUT017,
NCN30,OUT045,
NCV54,OUT010,
FDV07,OUT013,
FDP07,OUT049,
FDK48,OUT018,
FDM15,OUT019,
FDY19,OUT027,
FDK46,OUT046,
FDY11,OUT045,
FDH09,OUT046,
FDO08,OUT027,
FDU14,OUT013,
FDD22,OUT027,
FDM27,OUT017,
FDL02,OUT027,
NCA17,OUT035,
FDE38,OUT019,
NCG07,OUT049,
DRC27,OUT013,
FDA27,OUT035,
FDW40,OUT045,
DRI11,OUT013,
FDN50,OUT046,
FDR12,OUT046,
FDT34,OUT027,
FDW11,OUT035,
NCO30,OUT027,
FDZ34,OUT017,
FDU45,OUT017,
NCD42,OUT035,
FDX25,OUT045,
NCR29,OUT046,
FDX43,OUT019,
FDB04,OUT010,
FDR49,OUT027,
FDS39,OUT018,
FDW58,OUT045,
FDG22,OUT019,
FDG31,OUT017,
NCV53,OUT027,
DRJ37,OUT035,
FDV07,OUT035,
FDW52,OUT018,
FDT15,OUT045,
FDD02,OUT018,
FDM16,OUT035,
NCE55,OUT046,
FDB57,OUT018,
FDQ04,OUT013,
FDQ47,OUT019,
FDY14,OUT019,
DRK37,OUT017,
FDO25,OUT017,
FDL57,OUT046,
NCK29,OUT018,
FDK46,OUT027,
NCB43,OUT010,
DRE01,OUT027,
FDC46,OUT018,
FDQ23,OUT045,
FDX38,OUT049,
FDG60,OUT018,
FDW55,OUT017,
FDP39,OUT013,
FDB20,OUT018,
FDV21,OUT017,
FDZ02,OUT013,
FDP19,OUT027,
FDA38,OUT035,
FDH22,OUT045,
DRM11,OUT045,
FDO12,OUT027,
FDT14,OUT049,
FDW34,OUT010,
FDG04,OUT027,
FDW59,OUT018,
FDR33,OUT018,
FDP32,OUT013,
FDL13,OUT027,
FDD22,OUT013,
FDV40,OUT027,
NCD55,OUT046,
FDQ20,OUT010,
FDD28,OUT045,
FDC39,OUT045,
NCR17,OUT049,
DRO35,OUT018,
FDF40,OUT049,
FDR31,OUT018,
NCQ41,OUT017,
FDP38,OUT046,
NCU54,OUT027,
FDG22,OUT018,
DRK59,OUT013,
FDC37,OUT046,
NCO42,OUT013,
NCT42,OUT017,
FDX27,OUT035,
FDV40,OUT018,
FDT45,OUT027,
FDS47,OUT019,
FDR45,OUT035,
FDB03,OUT045,
FDO49,OUT035,
FDU60,OUT027,
FDB26,OUT018,
FDB46,OUT017,
FDQ37,OUT019,
FDN03,OUT017,
NCX30,OUT045,
FDK32,OUT019,
DRM47,OUT013,
NCO02,OUT046,
FDP04,OUT013,
NCO43,OUT049,
FDD59,OUT013,
FDQ10,OUT017,
FDW45,OUT035,
NCK30,OUT049,
FDU31,OUT018,
NCQ17,OUT019,
FDN01,OUT017,
FDZ19,OUT049,
DRG37,OUT017,
FDE32,OUT045,
FDO34,OUT049,
FDM04,OUT019,
FDZ25,OUT049,
FDU08,OUT049,
NCW30,OUT045,
NCM18,OUT013,
FDS22,OUT035,
NCH18,OUT017,
FDC23,OUT013,
FDY46,OUT013,
NCU06,OUT046,
FDX57,OUT045,
FDX36,OUT027,
FDL16,OUT045,
FDT16,OUT010,
FDN16,OUT018,
FDC03,OUT046,
DRF60,OUT013,
FDS27,OUT027,
FDP33,OUT010,
FDJ36,OUT018,
NCR42,OUT013,
FDV14,OUT017,
NCP42,OUT035,
FDB50,OUT027,
NCC30,OUT027,
FDA23,OUT018,
FDW16,OUT017,
FDQ52,OUT010,
FDB58,OUT049,
NCP29,OUT049,
NCM05,OUT045,
FDO25,OUT013,
NCM54,OUT046,
NCL54,OUT046,
FDL39,OUT010,
FDF53,OUT018,
NCQ42,OUT035,
FDF58,OUT013,
FDZ04,OUT035,
FDE26,OUT019,
FDS60,OUT017,
FDV58,OUT017,
FDM04,OUT045,
FDE08,OUT035,
NCB43,OUT049,
FDU11,OUT010,
FDF22,OUT019,
FDE24,OUT013,
DRJ49,OUT046,
NCQ53,OUT035,
NCL41,OUT013,
FDR22,OUT013,
FDH04,OUT035,
DRH15,OUT045,
FDY40,OUT049,
NCI17,OUT035,
NCC18,OUT013,
FDY28,OUT027,
FDB45,OUT027,
NCL30,OUT018,
FDM10,OUT017,
FDH22,OUT027,
NCZ53,OUT017,
NCI18,OUT013,
FDH14,OUT027,
FDR36,OUT027,
FDW01,OUT045,
FDK02,OUT027,
FDJ02,OUT018,
FDU55,OUT013,
NCV18,OUT027,
FDH14,OUT018,
FDZ37,OUT045,
FDX49,OUT049,
NCD43,OUT046,
FDZ07,OUT013,
FDK43,OUT035,
FDR32,OUT018,
FDT39,OUT013,
NCV54,OUT017,
FDF38,OUT018,
FDV60,OUT046,
FDH44,OUT027,
FDS21,OUT046,
NCL41,OUT045,
FDM46,OUT017,
FDU27,OUT045,
NCJ54,OUT017,
DRG51,OUT018,
NCA29,OUT019,
FDR47,OUT045,
NCL19,OUT027,
DRG01,OUT049,
FDG10,OUT046,
NCV05,OUT049,
NCH18,OUT019,
FDV14,OUT018,
DRJ23,OUT035,
DRJ11,OUT046,
FDZ03,OUT017,
FDI27,OUT010,
FDJ14,OUT018,
FDU32,OUT017,
FDD47,OUT027,
DRF36,OUT035,
FDM21,OUT046,
FDV10,OUT018,
FDH60,OUT018,
FDX47,OUT010,
FDT19,OUT019,
FDO11,OUT045,
FDH24,OUT027,
FDL02,OUT018,
FDB02,OUT049,
FDA43,OUT046,
FDG52,OUT045,
DRC12,OUT013,
FDY37,OUT018,
NCU18,OUT045,
FDU09,OUT035,
DRJ25,OUT027,
DRE12,OUT018,
DRL47,OUT017,
DRK01,OUT046,
FDC22,OUT019,
FDG44,OUT013,
FDW04,OUT035,
FDK09,OUT049,
NCN43,OUT035,
FDG04,OUT049,
FDH32,OUT010,
DRI47,OUT017,
DRE15,OUT013,
FDY11,OUT035,
FDO60,OUT049,
FDQ20,OUT018,
FDO57,OUT027,
FDT14,OUT019,
FDA57,OUT049,
DRN35,OUT017,
FDJ03,OUT046,
FDX28,OUT017,
DRE25,OUT045,
FDR09,OUT046,
FDB23,OUT035,
FDO08,OUT045,
FDQ23,OUT049,
FDW04,OUT013,
DRK13,OUT010,
NCL17,OUT027,
FDY21,OUT035,
FDJ38,OUT027,
FDA37,OUT019,
FDV43,OUT013,
FDL36,OUT046,
FDD53,OUT045,
FDZ19,OUT010,
FDV21,OUT045,
NCL54,OUT018,
DRI47,OUT027,
DRG03,OUT049,
FDG21,OUT013,
FDW03,OUT018,
NCI55,OUT046,
DRC36,OUT019,
FDH22,OUT017,
FDV20,OUT045,
NCU41,OUT027,
FDN46,OUT027,
FDK50,OUT045,
NCA05,OUT027,
DRH01,OUT018,
FDT08,OUT018,
FDM08,OUT018,
FDZ07,OUT035,
FDS22,OUT017,
FDV35,OUT027,
FDI28,OUT010,
FDW58,OUT027,
FDT52,OUT045,
FDY34,OUT046,
FDR10,OUT046,
FDK57,OUT017,
FDR02,OUT027,
FDX49,OUT046,
FDQ20,OUT046,
DRK23,OUT045,
NCW06,OUT046,
FDR31,OUT017,
NCE43,OUT013,
DRO59,OUT027,
FDN09,OUT049,
FDR11,OUT046,
FDO57,OUT013,
NCX18,OUT017,
FDB05,OUT018,
FDQ08,OUT018,
NCG43,OUT035,
FDJ56,OUT013,
FDA13,OUT010,
FDO56,OUT017,
FDB37,OUT018,
FDZ02,OUT018,
FDQ24,OUT046,
FDM16,OUT013,
FDU35,OUT049,
FDT35,OUT035,
NCX30,OUT049,
FDG04,OUT017,
FDI12,OUT035,
FDE35,OUT035,
NCP14,OUT027,
NCY53,OUT045,
FDP49,OUT017,
FDQ04,OUT017,
FDM39,OUT035,
FDO58,OUT019,
FDC56,OUT017,
NCQ54,OUT046,
FDV10,OUT027,
NCK17,OUT046,
NCF55,OUT027,
FDV33,OUT013,
NCH29,OUT019,
FDA37,OUT027,
FDH46,OUT018,
FDS25,OUT035,
FDH04,OUT027,
FDX52,OUT046,
NCD42,OUT017,
FDW47,OUT017,
FDL25,OUT027,
NCJ06,OUT010,
FDY09,OUT013,
FDS40,OUT046,
FDH41,OUT017,
FDG38,OUT035,
FDU03,OUT027,
FDV20,OUT046,
DRB13,OUT045,
NCQ30,OUT013,
NCH06,OUT013,
FDU50,OUT018,
NCO42,OUT019,
FDW09,OUT018,
FDH04,OUT013,
FDC21,OUT045,
FDL21,OUT049,
FDM46,OUT010,
FDT22,OUT019,
FDB28,OUT035,
FDI12,OUT018,
FDA28,OUT045,
FDF59,OUT013,
FDM45,OUT027,
FDQ56,OUT017,
FDR46,OUT049,
FDT01,OUT013,
FDD16,OUT027,
NCU30,OUT010,
FDM40,OUT010,
FDI56,OUT035,
NCS30,OUT013,
FDU08,OUT017,
FDX51,OUT027,
FDA43,OUT045,
FDX59,OUT010,
FDC37,OUT018,
FDP58,OUT013,
NCY42,OUT035,
FDF21,OUT018,
FDU10,OUT027,
DRL47,OUT018,
FDA58,OUT018,
FDJ22,OUT049,
FDK50,OUT046,
FDO38,OUT035,
DRF60,OUT035,
NCZ42,OUT019,
FDD35,OUT049,
FDL25,OUT045,
FDJ16,OUT013,
DRK59,OUT049,
FDI50,OUT046,
NCB19,OUT045,
DRI37,OUT035,
FDA14,OUT027,
FDC08,OUT018,
FDS45,OUT046,
FDI21,OUT049,
DRJ47,OUT035,
DRE37,OUT027,
FDT55,OUT018,
NCG42,OUT027,
FDA31,OUT049,
NCW42,OUT046,
FDF50,OUT017,
FDK56,OUT049,
FDX10,OUT035,
NCK07,OUT027,
FDZ49,OUT017,
FDR33,OUT013,
FDO44,OUT018,
FDA20,OUT046,
NCL30,OUT045,
FDI05,OUT019,
FDQ12,OUT018,
FDH47,OUT017,
FDH34,OUT018,
FDF29,OUT046,
FDG40,OUT018,
NCE18,OUT017,
FDP21,OUT010,
FDY50,OUT013,
FDB36,OUT049,
NCZ29,OUT049,
FDU20,OUT018,
FDO56,OUT013,
FDW31,OUT049,
DRH59,OUT013,
NCB30,OUT017,
FDK43,OUT027,
FDW43,OUT045,
NCL19,OUT017,
FDJ27,OUT046,
FDC45,OUT046,
FDY40,OUT035,
NCM41,OUT035,
NCK18,OUT019,
FDP37,OUT049,
FDA27,OUT027,
NCX30,OUT035,
FDR09,OUT017,
FDG08,OUT027,
NCU30,OUT013,
FDB16,OUT017,
FDM16,OUT017,
FDC48,OUT013,
NCF18,OUT046,
FDU46,OUT018,
FDH41,OUT018,
NCN42,OUT010,
FDU49,OUT046,
FDB20,OUT027,
FDG50,OUT019,
FDW20,OUT045,
NCO55,OUT049,
FDX48,OUT046,
FDU48,OUT046,
FDR48,OUT019,
FDK27,OUT013,
FDT35,OUT013,
FDN12,OUT049,
NCE31,OUT019,
FDL21,OUT017,
FDV56,OUT017,
FDR16,OUT017,
NCP41,OUT049,
FDJ27,OUT013,
FDA07,OUT017,
FDK55,OUT049,
FDM33,OUT049,
FDY46,OUT046,
FDD36,OUT046,
FDB12,OUT027,
FDF28,OUT019,
NCE07,OUT019,
FDW50,OUT027,
NCW18,OUT017,
NCJ17,OUT019,
DRZ24,OUT010,
FDS07,OUT035,
NCW05,OUT010,
FDZ22,OUT018,
FDK02,OUT046,
FDZ45,OUT027,
FDL25,OUT046,
FDS08,OUT045,
NCZ42,OUT027,
FDX57,OUT035,
FDF21,OUT046,
FDJ56,OUT018,
FDX10,OUT013,
DRG48,OUT035,
DRN37,OUT046,
NCY41,OUT018,
FDN28,OUT045,
FDE34,OUT045,
FDR10,OUT045,
FDC32,OUT017,
DRG13,OUT046,
FDP59,OUT049,
NCT53,OUT010,
FDL57,OUT027,
FDN32,OUT010,
FDK09,OUT018,
FDA52,OUT010,
FDC57,OUT049,
FDI09,OUT035,
NCB07,OUT046,
FDP26,OUT035,
FDP40,OUT027,
FDL15,OUT013,
FDV07,OUT046,
FDS03,OUT017,
FDE50,OUT049,
FDQ15,OUT017,
FDQ33,OUT010,
FDT22,OUT013,
DRO35,OUT035,
FDJ41,OUT049,
FDQ27,OUT035,
FDC26,OUT017,
NCF43,OUT027,
NCR50,OUT035,
FDE39,OUT018,
FDN49,OUT027,
DRG11,OUT035,
NCA18,OUT049,
FDM36,OUT018,
FDW32,OUT017,
NCQ18,OUT010,
FDX14,OUT027,
FDD46,OUT017,
FDI34,OUT019,
NCJ17,OUT035,
FDB52,OUT035,
FDV55,OUT018,
FDC57,OUT046,
FDB29,OUT046,
NCO43,OUT035,
FDG44,OUT045,
FDJ34,OUT045,
FDH40,OUT049,
NCD07,OUT027,
FDB41,OUT017,
FDH47,OUT018,
DRK37,OUT035,
FDM25,OUT019,
NCX06,OUT045,
NCS05,OUT017,
FDS39,OUT045,
FDC47,OUT027,
FDG20,OUT013,
DRL23,OUT017,
FDY33,OUT013,
NCH18,OUT045,
FDX47,OUT035,
NCB06,OUT045,
FDP36,OUT049,
FDW44,OUT018,
NCU41,OUT018,
NCS17,OUT046,
FDD46,OUT035,
FDE45,OUT017,
FDI09,OUT017,
NCJ54,OUT010,
NCA29,OUT018,
NCN41,OUT027,
FDY34,OUT035,
NCG55,OUT035,
DRM49,OUT046,
NCB42,OUT049,
FDE58,OUT045,
DRJ25,OUT013,
FDS47,OUT010,
FDY21,OUT049,
NCI54,OUT013,
FDO24,OUT017,
FDY43,OUT035,
FDF35,OUT018,
NCP29,OUT019,
FDN28,OUT027,
FDJ50,OUT018,
FDQ14,OUT027,
FDC37,OUT035,
FDN08,OUT046,
FDD04,OUT035,
FDW34,OUT018,
FDP04,OUT017,
NCG07,OUT017,
NCN14,OUT018,
FDJ16,OUT045,
NCM42,OUT045,
NCF19,OUT046,
FDY21,OUT018,
FDY19,OUT035,
FDV09,OUT045,
FDA28,OUT013,
FDC38,OUT018,
FDL28,OUT045,
NCH43,OUT049,
NCN53,OUT045,
NCW05,OUT017,
NCO30,OUT018,
FDT04,OUT019,
FDB27,OUT018,
NCK07,OUT013,
NCA53,OUT013,
FDB33,OUT018,
FDU37,OUT017,
FDR13,OUT035,
FDE45,OUT049,
FDV37,OUT017,
FDX44,OUT019,
NCL06,OUT017,
FDJ28,OUT045,
FDX55,OUT049,
NCK17,OUT018,
FDH52,OUT035,
FDN13,OUT027,
FDK44,OUT018,
FDU16,OUT046,
FDZ07,OUT017,
NCN06,OUT027,
FDH02,OUT010,
NCW18,OUT045,
FDH57,OUT013,
FDV35,OUT045,
NCU29,OUT013,
NCP02,OUT046,
FDN44,OUT013,
FDX03,OUT018,
FDR11,OUT010,
FDA36,OUT046,
FDP58,OUT027,
FDH31,OUT045,
FDH34,OUT035,
FDS13,OUT035,
FDT01,OUT018,
FDY09,OUT049,
FDV33,OUT027,
NCW29,OUT010,
NCN17,OUT045,
FDX01,OUT046,
FDL03,OUT049,
DRL59,OUT049,
DRM11,OUT027,
FDA43,OUT049,
FDZ56,OUT010,
FDI44,OUT018,
FDB50,OUT013,
FDU15,OUT019,
NCJ19,OUT019,
FDD48,OUT013,
NCW42,OUT035,
FDL24,OUT017,
NCB30,OUT013,
FDK25,OUT013,
FDW28,OUT049,
FDD47,OUT017,
FDK16,OUT019,
FDW37,OUT046,
FDA48,OUT035,
FDA14,OUT017,
FDV15,OUT013,
FDN22,OUT049,
NCD55,OUT045,
FDY43,OUT013,
NCU05,OUT017,
FDF10,OUT035,
FDR39,OUT018,
FDG40,OUT013,
FDZ28,OUT019,
FDE02,OUT045,
FDU60,OUT049,
FDM21,OUT013,
FDV52,OUT019,
NCW06,OUT013,
FDX36,OUT035,
FDT35,OUT027,
NCL19,OUT010,
NCD31,OUT046,
FDE53,OUT019,
FDW58,OUT019,
DRF48,OUT046,
FDW57,OUT035,
DRH13,OUT017,
FDT33,OUT013,
DRK47,OUT027,
FDY22,OUT010,
FDC35,OUT019,
FDO03,OUT013,
FDF24,OUT045,
FDF56,OUT018,
FDD28,OUT013,
FDG53,OUT027,
FDO27,OUT019,
NCF54,OUT018,
FDC20,OUT027,
FDU10,OUT046,
DRA24,OUT018,
FDA02,OUT010,
FDG10,OUT017,
FDW39,OUT010,
FDP04,OUT019,
NCM55,OUT013,
FDG47,OUT045,
NCU41,OUT017,
NCK31,OUT017,
FDZ46,OUT045,
FDU13,OUT027,
NCF19,OUT045,
NCJ43,OUT013,
NCJ05,OUT045,
FDS04,OUT027,
FDX28,OUT010,
FDB41,OUT027,
FDG53,OUT046,
FDL15,OUT010,
FDQ08,OUT049,
DRN36,OUT013,
FDI46,OUT013,
FDG16,OUT027,
FDV32,OUT013,
FDF44,OUT010,
FDK04,OUT018,
NCA41,OUT013,
FDD51,OUT017,
NCZ53,OUT045,
FDP01,OUT027,
FDY25,OUT049,
FDB17,OUT018,
NCV54,OUT018,
FDJ32,OUT017,
FDA37,OUT049,
FDG35,OUT035,
NCM05,OUT018,
FDG45,OUT046,
FDH28,OUT013,
NCE18,OUT049,
FDH38,OUT045,
FDR56,OUT013,
FDH17,OUT027,
FDD39,OUT049,
FDB41,OUT049,
NCR53,OUT046,
FDX46,OUT017,
FDV28,OUT049,
FDA08,OUT018,
FDH45,OUT017,
NCS38,OUT010,
FDD40,OUT010,
DRM59,OUT035,
NCJ43,OUT018,
NCN29,OUT013,
NCC19,OUT045,
FDR56,OUT035,
FDZ43,OUT049,
FDJ32,OUT010,
DRH03,OUT017,
NCZ54,OUT035,
FDE26,OUT017,
FDS03,OUT045,
DRZ24,OUT019,
FDO48,OUT027,
FDW39,OUT049,
NCK05,OUT049,
NCK30,OUT017,
FDT27,OUT018,
FDS08,OUT019,
NCJ19,OUT049,
FDC58,OUT045,
DRE37,OUT013,
FDW02,OUT035,
FDJ02,OUT010,
FDX09,OUT045,
FDT31,OUT010,
FDI24,OUT049,
FDY09,OUT045,
FDV28,OUT045,
DRM47,OUT049,
FDT52,OUT019,
FDI48,OUT018,
FDY55,OUT017,
FDU48,OUT013,
FDN25,OUT045,
FDP20,OUT049,
FDJ15,OUT013,
FDD04,OUT018,
FDY58,OUT045,
FDR37,OUT018,
FDF44,OUT013,
FDD32,OUT045,
FDR57,OUT017,
DRG39,OUT027,
FDX15,OUT017,
DRN37,OUT045,
FDW40,OUT027,
FDB32,OUT049,
FDM40,OUT018,
FDE39,OUT027,
DRH49,OUT017,
FDT46,OUT049,
NCF06,OUT035,
FDP07,OUT017,
FDC04,OUT013,
FDZ32,OUT017,
FDD50,OUT045,
FDU56,OUT017,
FDV34,OUT017,
NCY41,OUT013,
NCK18,OUT046,
DRH25,OUT049,
FDT57,OUT046,
FDV56,OUT018,
FDV12,OUT045,
FDN52,OUT017,
FDX38,OUT035,
FDE47,OUT018,
NCO07,OUT013,
FDV09,OUT027,
FDZ23,OUT019,
DRH51,OUT018,
NCY54,OUT045,
DRG49,OUT013,
NCC19,OUT049,
NCV53,OUT045,
FDZ47,OUT019,
NCO26,OUT018,
NCP02,OUT045,
NCW30,OUT018,
NCN55,OUT046,
FDB20,OUT010,
DRL11,OUT013,
DRD60,OUT045,
FDW14,OUT010,
FDL27,OUT010,
FDU09,OUT018,
DRH36,OUT027,
FDP34,OUT027,
FDE04,OUT017,
FDZ57,OUT027,
FDF02,OUT010,
FDG28,OUT045,
NCI31,OUT046,
FDT43,OUT013,
FDU20,OUT046,
FDD53,OUT013,
FDW15,OUT045,
NCT53,OUT045,
NCG55,OUT027,
FDD48,OUT035,
FDG47,OUT049,
FDI21,OUT017,
FDT27,OUT017,
DRO35,OUT013,
FDD33,OUT017,
FDC04,OUT035,
FDY34,OUT013,
DRJ49,OUT049,
FDE05,OUT049,
FDU31,OUT017,
NCN19,OUT027,
FDK56,OUT027,
FDK58,OUT017,
NCJ42,OUT035,
FDZ34,OUT027,
FDA52,OUT018,
NCR29,OUT013,
FDT48,OUT035,
DRJ51,OUT019,
NCS54,OUT046,
FDV01,OUT035,
DRG51,OUT027,
NCG42,OUT013,
FDA51,OUT049,
FDV19,OUT010,
NCT18,OUT045,
NCS41,OUT045,
FDO03,OUT046,
FDL12,OUT010,
FDY37,OUT010,
FDI58,OUT049,
FDT28,OUT018,
NCC42,OUT010,
FDO01,OUT017,
FDJ02,OUT013,
FDQ04,OUT018,
DRL47,OUT013,
FDZ32,OUT035,
FDC35,OUT035,
FDX14,OUT045,
FDZ35,OUT013,
FDL14,OUT013,
FDO04,OUT049,
DRK11,OUT017,
FDB44,OUT018,
FDZ50,OUT049,
FDI12,OUT027,
FDU43,OUT017,
FDD58,OUT010,
FDB27,OUT017,
FDB04,OUT018,
NCO17,OUT013,
FDL12,OUT017,
DRJ13,OUT049,
FDD57,OUT045,
FDW19,OUT035,
DRD27,OUT018,
FDH27,OUT027,
NCW30,OUT027,
FDR40,OUT018,
FDG05,OUT013,
NCY41,OUT019,
FDI38,OUT018,
FDR20,OUT046,
FDE09,OUT017,
FDN50,OUT019,
DRF27,OUT045,
DRF51,OUT013,
NCO02,OUT019,
FDB51,OUT027,
FDJ50,OUT013,
FDN52,OUT013,
FDX14,OUT013,
FDT27,OUT019,
FDV10,OUT013,
FDU33,OUT046,
FDU58,OUT046,
NCP42,OUT027,
FDL51,OUT027,
DRH15,OUT027,
FDU16,OUT017,
FDW15,OUT017,
FDQ44,OUT045,
NCI06,OUT027,
DRK23,OUT019,
FDC28,OUT035,
NCY17,OUT019,
NCV05,OUT018,
FDM34,OUT019,
DRD60,OUT027,
FDT38,OUT046,
FDQ57,OUT018,
FDE59,OUT027,
NCM43,OUT046,
DRI51,OUT049,
NCG30,OUT017,
NCK54,OUT035,
FDQ16,OUT019,
FDI36,OUT013,
FDX16,OUT027,
FDA34,OUT046,
FDJ48,OUT018,
FDU47,OUT035,
FDS39,OUT046,
FDD11,OUT046,
FDM16,OUT027,
FDU56,OUT018,
FDQ32,OUT017,
DRK35,OUT013,
FDA58,OUT049,
DRG48,OUT019,
FDT59,OUT010,
FDQ31,OUT019,
FDS51,OUT018,
FDW32,OUT027,
FDI15,OUT027,
NCV30,OUT017,
DRG25,OUT049,
FDT02,OUT013,
FDO33,OUT027,
FDP38,OUT035,
FDZ45,OUT035,
NCA54,OUT027,
FDU33,OUT017,
FDN58,OUT017,
FDI05,OUT045,
FDM57,OUT019,
NCS42,OUT027,
FDB57,OUT045,
FDC03,OUT045,
FDZ58,OUT013,
NCK29,OUT045,
NCR53,OUT045,
FDE26,OUT027,
FDU52,OUT049,
FDE41,OUT027,
FDU38,OUT018,
FDA52,OUT017,
FDW46,OUT046,
DRI59,OUT035,
FDT38,OUT035,
FDL33,OUT018,
FDQ01,OUT027,
FDJ08,OUT046,
FDQ47,OUT049,
NCZ18,OUT013,
FDE29,OUT017,
FDF10,OUT027,
FDC48,OUT049,
FDY58,OUT013,
NCX30,OUT010,
FDV11,OUT013,
FDT46,OUT046,
DRD01,OUT019,
FDQ11,OUT013,
NCM41,OUT017,
NCC55,OUT013,
FDG45,OUT027,
NCQ54,OUT049,
FDM34,OUT045,
FDD17,OUT019,
FDN38,OUT027,
FDB53,OUT018,
NCL06,OUT035,
NCV18,OUT019,
FDX25,OUT013,
FDB39,OUT046,
FDC33,OUT049,
NCO14,OUT018,
FDA58,OUT027,
NCQ02,OUT017,
NCR53,OUT017,
FDN52,OUT046,
FDG26,OUT046,
FDE23,OUT027,
DRI37,OUT013,
DRH37,OUT018,
FDO01,OUT035,
FDK45,OUT049,
FDP23,OUT049,
FDM33,OUT035,
FDD36,OUT017,
FDL56,OUT017,
FDT27,OUT010,
FDG52,OUT017,
NCL42,OUT035,
DRJ24,OUT046,
FDV38,OUT046,
FDT35,OUT045,
FDY51,OUT045,
FDC37,OUT017,
NCP43,OUT013,
FDO33,OUT045,
FDW04,OUT018,
NCC31,OUT046,
FDK22,OUT049,
FDJ50,OUT017,
FDV13,OUT017,
DRL60,OUT017,
FDW03,OUT017,
FDY27,OUT035,
FDB39,OUT027,
FDU59,OUT045,
FDZ57,OUT049,
FDO21,OUT049,
FDS43,OUT018,
FDU28,OUT010,
FDC51,OUT010,
FDW16,OUT010,
FDP32,OUT010,
FDB60,OUT019,
NCQ30,OUT046,
FDD26,OUT049,
FDI44,OUT045,
DRH23,OUT046,
FDO44,OUT046,
FDG04,OUT046,
FDM32,OUT027,
FDM09,OUT013,
FDZ47,OUT013,
FDM40,OUT027,
FDY48,OUT017,
NCM30,OUT045,
FDX36,OUT010,
DRF03,OUT017,
FDN51,OUT049,
FDM57,OUT049,
FDB35,OUT049,
FDY13,OUT027,
FDA37,OUT017,
NCX53,OUT017,
FDD59,OUT018,
FDX10,OUT019,
FDC03,OUT018,
FDW43,OUT035,
FDW10,OUT046,
FDY14,OUT027,
FDV43,OUT045,
FDO40,OUT013,
FDP46,OUT027,
NCE43,OUT019,
FDD05,OUT035,
FDJ60,OUT010,
DRE27,OUT018,
FDO11,OUT035,
DRG11,OUT027,
FDK33,OUT010,
DRM23,OUT045,
FDJ02,OUT027,
NCZ05,OUT045,
NCL30,OUT013,
FDZ19,OUT018,
FDM45,OUT049,
FDO36,OUT046,
NCK31,OUT045,
DRJ37,OUT045,
FDP24,OUT018,
FDF46,OUT013,
FDX46,OUT019,
NCL18,OUT045,
FDJ26,OUT013,
FDJ07,OUT045,
FDY15,OUT013,
DRG01,OUT045,
FDF58,OUT045,
FDZ14,OUT019,
FDP31,OUT049,
FDH45,OUT013,
FDA09,OUT010,
FDW31,OUT035,
FDA57,OUT046,
NCE55,OUT035,
FDC17,OUT019,
FDC59,OUT013,
FDA22,OUT013,
FDK52,OUT035,
NCM26,OUT046,
NCT53,OUT035,
FDW45,OUT018,
NCI18,OUT035,
FDE38,OUT018,
FDF08,OUT019,
FDY58,OUT010,
FDF58,OUT019,
FDX39,OUT017,
FDB44,OUT049,
FDF28,OUT013,
FDE39,OUT013,
FDT37,OUT018,
FDZ45,OUT017,
FDO40,OUT035,
FDM57,OUT027,
DRG36,OUT017,
FDY36,OUT010,
DRL60,OUT027,
FDS25,OUT019,
DRF49,OUT027,
FDP16,OUT045,
FDS60,OUT049,
FDU15,OUT027,
FDK43,OUT046,
FDN25,OUT046,
FDE53,OUT049,
FDB22,OUT013,
FDE39,OUT017,
FDX35,OUT035,
NCG54,OUT049,
FDH27,OUT035,
NCK42,OUT013,
FDS25,OUT049,
FDI10,OUT018,
FDU35,OUT035,
FDI04,OUT017,
DRK23,OUT035,
FDB53,OUT019,
FDY02,OUT049,
FDM60,OUT035,
NCJ31,OUT010,
DRP35,OUT017,
NCQ30,OUT018,
DRL11,OUT010,
FDU01,OUT013,
FDR39,OUT035,
FDO08,OUT046,
FDC02,OUT045,
NCZ29,OUT035,
FDF29,OUT010,
FDZ23,OUT017,
NCU53,OUT018,
NCW30,OUT013,
NCM26,OUT027,
FDV50,OUT027,
FDW15,OUT049,
FDI35,OUT027,
FDO11,OUT017,
FDN48,OUT046,
NCA17,OUT049,
NCN54,OUT013,
FDP22,OUT013,
NCB54,OUT035,
FDD08,OUT045,
DRM48,OUT010,
FDG41,OUT027,
FDE44,OUT027,
FDE26,OUT035,
NCS38,OUT013,
NCJ54,OUT018,
FDI40,OUT019,
FDN45,OUT018,
FDU43,OUT046,
FDI04,OUT010,
NCC07,OUT018,
NCC07,OUT019,
NCD18,OUT045,
FDU55,OUT035,
FDX59,OUT035,
FDR52,OUT049,
NCP17,OUT013,
FDQ32,OUT045,
NCT17,OUT049,
FDO10,OUT049,
FDE32,OUT049,
FDN44,OUT045,
FDH02,OUT035,
FDK60,OUT013,
FDS24,OUT019,
FDL03,OUT010,
FDB46,OUT027,
FDO48,OUT049,
FDZ39,OUT049,
FDT02,OUT027,
FDC50,OUT013,
FDP39,OUT035,
DRG15,OUT018,
FDP10,OUT018,
FDF53,OUT027,
FDN34,OUT045,
FDK02,OUT045,
FDC23,OUT045,
FDJ10,OUT019,
FDE53,OUT035,
FDR25,OUT035,
FDW50,OUT046,
FDS09,OUT049,
FDW49,OUT010,
FDU51,OUT046,
FDF28,OUT018,
NCY30,OUT018,
FDD44,OUT045,
FDX09,OUT017,
NCF30,OUT013,
FDZ50,OUT019,
FDW37,OUT013,
FDD11,OUT049,
DRH39,OUT018,
FDA36,OUT049,
NCG43,OUT049,
FDF02,OUT035,
FDP57,OUT027,
NCE42,OUT017,
NCR38,OUT027,
FDP03,OUT019,
FDO51,OUT035,
NCQ42,OUT046,
NCM41,OUT046,
FDH48,OUT027,
DRF60,OUT046,
FDJ27,OUT035,
FDQ14,OUT013,
FDN27,OUT017,
NCQ02,OUT046,
FDJ33,OUT049,
FDP07,OUT027,
DRE01,OUT049,
FDU36,OUT045,
FDL28,OUT017,
NCX53,OUT046,
FDZ39,OUT013,
NCP42,OUT013,
FDJ14,OUT035,
FDK04,OUT049,
NCC19,OUT017,
FDS09,OUT018,
FDZ02,OUT046,
FDD35,OUT018,
NCY42,OUT017,
FDB05,OUT045,
FDF20,OUT035,
NCO41,OUT018,
FDC40,OUT027,
FDV58,OUT045,
FDZ57,OUT045,
DRM35,OUT046,
DRN36,OUT018,
FDQ13,OUT046,
DRO35,OUT010,
NCD43,OUT035,
FDA51,OUT018,
NCX17,OUT027,
NCZ17,OUT049,
FDR11,OUT027,
FDW34,OUT049,
FDN50,OUT017,
FDS09,OUT046,
FDS48,OUT018,
FDL44,OUT049,
DRF48,OUT018,
FDA14,OUT018,
NCD30,OUT049,
FDI16,OUT017,
NCG06,OUT035,
DRZ24,OUT035,
NCS17,OUT045,
FDB37,OUT045,
FDE10,OUT035,
FDC57,OUT045,
FDM12,OUT018,
FDE24,OUT049,
FDW22,OUT045,
DRD01,OUT027,
NCZ18,OUT027,
FDN49,OUT045,
FDR22,OUT035,
FDV08,OUT019,
FDY39,OUT046,
FDV36,OUT049,
FDO60,OUT045,
FDU04,OUT027,
FDR20,OUT027,
FDW19,OUT019,
FDU40,OUT049,
FDK15,OUT045,
DRF15,OUT035,
FDQ25,OUT017,
FDI48,OUT019,
FDS49,OUT046,
FDV22,OUT046,
NCV42,OUT046,
FDX26,OUT046,
FDI33,OUT018,
FDZ14,OUT049,
FDG10,OUT013,
FDM38,OUT018,
FDG26,OUT027,
FDH46,OUT035,
FDN13,OUT018,
FDU57,OUT035,
NCI06,OUT046,
FDM38,OUT045,
NCG42,OUT010,
FDL39,OUT045,
FDT31,OUT019,
FDV59,OUT013,
FDB49,OUT035,
FDD58,OUT049,
DRN59,OUT046,
FDX48,OUT049,
FDQ11,OUT049,
FDY12,OUT049,
FDQ11,OUT045,
DRI11,OUT017,
FDY32,OUT027,
FDS51,OUT045,
FDR19,OUT010,
DRB13,OUT018,
FDS21,OUT035,
FDQ40,OUT045,
NCE55,OUT013,
FDX43,OUT027,
FDS12,OUT049,
DRK01,OUT027,
FDN25,OUT017,
FDB60,OUT046,
FDQ13,OUT017,
DRK13,OUT045,
DRF25,OUT018,
NCD42,OUT019,
FDW25,OUT045,
NCV29,OUT027,
NCK42,OUT035,
DRJ13,OUT027,
DRD15,OUT017,
FDM27,OUT045,
FDZ50,OUT018,
FDC04,OUT046,
FDF50,OUT049,
FDP15,OUT045,
FDK46,OUT035,
FDZ56,OUT018,
FDY60,OUT049,
FDB10,OUT035,
FDR57,OUT045,
FDU58,OUT049,
FDH02,OUT046,
FDP48,OUT013,
FDI46,OUT035,
FDW56,OUT013,
NCM19,OUT010,
FDS50,OUT027,
FDK24,OUT013,
FDO36,OUT017,
FDK45,OUT027,
NCL05,OUT045,
FDL32,OUT018,
FDA28,OUT049,
FDY36,OUT018,
FDP32,OUT018,
FDL50,OUT046,
DRC24,OUT049,
NCS18,OUT017,
FDD16,OUT017,
NCV18,OUT013,
FDX07,OUT046,
NCZ05,OUT027,
NCI31,OUT013,
FDK14,OUT049,
NCR06,OUT045,
NCF54,OUT049,
DRG23,OUT010,
FDD53,OUT046,
NCM31,OUT027,
FDT16,OUT017,
FDR40,OUT035,
DRG25,OUT017,
FDT10,OUT035,
FDY32,OUT013,
FDN50,OUT035,
FDZ35,OUT019,
NCP54,OUT045,
NCD07,OUT035,
FDS02,OUT018,
DRN59,OUT018,
DRB24,OUT013,
FDP37,OUT027,
DRB01,OUT018,
FDR47,OUT046,
NCM31,OUT010,
NCF06,OUT027,
NCV17,OUT027,
FDS10,OUT049,
FDN52,OUT035,
FDZ48,OUT013,
FDJ48,OUT049,
DRB13,OUT027,
FDV59,OUT017,
FDL32,OUT035,
FDZ12,OUT035,
NCR06,OUT027,
FDP51,OUT017,
FDY22,OUT013,
FDZ38,OUT049,
NCO54,OUT035,
FDR23,OUT035,
FDM38,OUT049,
FDS25,OUT013,
FDZ22,OUT013,
FDZ20,OUT019,
FDD45,OUT010,
FDN03,OUT049,
NCW30,OUT046,
FDY24,OUT027,
FDJ26,OUT019,
FDM15,OUT049,
NCW54,OUT027,
FDA23,OUT045,
FDA39,OUT019,
FDZ12,OUT017,
NCB42,OUT046,
FDL16,OUT046,
FDO24,OUT019,
NCP42,OUT046,
FDR19,OUT018,
DRL01,OUT045,
FDV37,OUT046,
FDI41,OUT010,
FDF58,OUT049,
NCF43,OUT018,
FDN02,OUT049,
NCP41,OUT035,
NCY17,OUT027,
FDL58,OUT027,
NCA30,OUT027,
FDE46,OUT018,
FDY38,OUT035,
NCH29,OUT027,
FDO20,OUT045,
FDP44,OUT018,
FDM02,OUT027,
FDJ14,OUT027,
FDH04,OUT010,
DRK23,OUT046,
NCW05,OUT046,
FDF12,OUT049,
FDL51,OUT019,
FDN03,OUT018,
DRJ37,OUT049,
FDM12,OUT019,
FDA16,OUT045,
NCB07,OUT017,
NCI17,OUT019,
FDR51,OUT046,
FDJ55,OUT045,
NCZ17,OUT013,
FDU25,OUT013,
NCG18,OUT045,
DRM11,OUT017,
FDH16,OUT035,
FDZ04,OUT018,
NCX53,OUT035,
FDX38,OUT027,
FDX09,OUT046,
NCW05,OUT018,
NCS41,OUT017,
FDI26,OUT046,
NCZ41,OUT027,
NCK06,OUT046,
FDX23,OUT027,
NCA42,OUT046,
FDC20,OUT049,
DRC49,OUT018,
FDX01,OUT013,
FDC08,OUT045,
FDC02,OUT017,
FDK10,OUT045,
DRC24,OUT013,
FDW16,OUT019,
NCU06,OUT018,
DRA59,OUT045,
FDR24,OUT019,
DRL35,OUT018,
FDA49,OUT013,
NCC55,OUT046,
DRD24,OUT019,
NCE55,OUT049,
FDT33,OUT045,
NCT53,OUT013,
FDS26,OUT046,
FDL22,OUT018,
FDP44,OUT017,
FDC52,OUT018,
FDI53,OUT010,
FDZ23,OUT046,
NCT18,OUT013,
FDR13,OUT046,
FDB09,OUT010,
FDZ60,OUT013,
FDB11,OUT046,
FDC10,OUT018,
FDW56,OUT035,
FDK14,OUT027,
DRE27,OUT027,
FDA38,OUT017,
FDT11,OUT045,
FDP15,OUT035,
FDV27,OUT035,
FDS36,OUT027,
FDY40,OUT027,
NCF19,OUT049,
FDF53,OUT045,
FDS14,OUT027,
FDE56,OUT046,
FDZ19,OUT035,
FDZ46,OUT013,
FDR16,OUT046,
FDG29,OUT018,
NCE30,OUT017,
FDZ40,OUT046,
FDG58,OUT018,
DRH03,OUT013,
FDZ47,OUT045,
FDV04,OUT018,
FDZ10,OUT018,
FDG46,OUT017,
NCF07,OUT045,
FDY44,OUT035,
FDB21,OUT013,
FDS20,OUT035,
FDS49,OUT049,
FDX55,OUT027,
NCQ02,OUT018,
FDR25,OUT013,
DRG39,OUT045,
FDB46,OUT046,
NCC30,OUT018,
FDE58,OUT035,
FDC05,OUT019,
FDY15,OUT046,
FDG14,OUT046,
FDL08,OUT049,
FDQ47,OUT013,
FDN12,OUT035,
FDW10,OUT013,
FDD02,OUT035,
FDX35,OUT010,
FDT35,OUT046,
DRN47,OUT019,
FDB11,OUT010,
FDN20,OUT045,
FDB59,OUT035,
FDJ58,OUT045,
FDU60,OUT046,
FDS03,OUT049,
FDU40,OUT019,
DRH15,OUT049,
FDD04,OUT027,
FDQ01,OUT046,
FDF28,OUT035,
FDD22,OUT010,
FDY19,OUT046,
FDN33,OUT035,
FDV36,OUT035,
FDW01,OUT010,
FDJ28,OUT049,
FDB17,OUT035,
FDM40,OUT049,
FDV46,OUT045,
FDQ44,OUT049,
NCD42,OUT046,
DRH37,OUT046,
FDR10,OUT018,
NCD06,OUT027,
FDI53,OUT046,
FDG16,OUT035,
DRB25,OUT046,
FDY09,OUT046,
FDX48,OUT045,
FDC03,OUT010,
FDT47,OUT035,
FDW44,OUT027,
FDT24,OUT017,
FDT12,OUT019,
NCS38,OUT035,
FDO39,OUT035,
FDA13,OUT046,
FDO48,OUT035,
DRJ01,OUT017,
FDD53,OUT018,
NCT05,OUT049,
FDQ51,OUT045,
FDU60,OUT013,
FDC59,OUT046,
FDP36,OUT035,
NCM19,OUT017,
FDL16,OUT035,
FDE50,OUT018,
NCR18,OUT013,
NCD30,OUT035,
FDH31,OUT013,
FDD56,OUT019,
FDC47,OUT049,
FDZ21,OUT045,
FDM01,OUT049,
FDF24,OUT013,
FDW23,OUT017,
FDY52,OUT018,
DRH37,OUT027,
DRO47,OUT027,
FDR25,OUT049,
FDQ24,OUT027,
DRJ51,OUT018,
NCU06,OUT035,
NCV18,OUT018,
NCC06,OUT027,
FDZ01,OUT018,
FDT14,OUT017,
FDD11,OUT019,
FDN09,OUT017,
NCO18,OUT010,
FDZ50,OUT045,
FDS44,OUT013,
FDI36,OUT045,
FDA26,OUT010,
NCY53,OUT049,
FDF32,OUT049,
FDF59,OUT010,
FDB20,OUT046,
DRH11,OUT035,
FDT03,OUT049,
NCH06,OUT035,
FDR55,OUT049,
FDI10,OUT035,
FDZ12,OUT045,
FDM12,OUT049,
DRB25,OUT045,
NCS41,OUT013,
NCT53,OUT049,
NCD55,OUT013,
FDY08,OUT049,
NCP55,OUT049,
FDA33,OUT013,
FDQ33,OUT013,
FDE45,OUT027,
FDT26,OUT013,
NCV53,OUT049,
FDK60,OUT027,
NCJ29,OUT046,
FDI15,OUT045,
FDX21,OUT013,
FDV49,OUT019,
DRO59,OUT046,
FDZ14,OUT045,
FDP32,OUT027,
FDC33,OUT017,
FDT14,OUT010,
NCN54,OUT027,
FDR57,OUT027,
DRK12,OUT046,
FDX52,OUT049,
FDX08,OUT010,
FDP10,OUT010,
NCP50,OUT045,
NCL06,OUT013,
FDP25,OUT013,
FDE53,OUT013,
FDL27,OUT017,
FDC35,OUT049,
DRJ47,OUT010,
FDD16,OUT018,
NCN42,OUT049,
FDC38,OUT027,
NCO07,OUT045,
FDQ20,OUT049,
FDI32,OUT046,
FDN20,OUT010,
DRJ51,OUT027,
FDU08,OUT045,
DRN37,OUT019,
FDD05,OUT010,
FDW15,OUT046,
FDI52,OUT046,
DRM11,OUT049,
NCO06,OUT045,
FDU38,OUT049,
FDU59,OUT018,
FDJ10,OUT046,
FDM13,OUT049,
NCJ30,OUT019,
FDM45,OUT018,
FDP36,OUT045,
NCD30,OUT010,
FDN48,OUT017,
FDY32,OUT049,
FDU47,OUT046,
FDF17,OUT019,
FDP34,OUT017,
FDA47,OUT049,
DRD27,OUT027,
FDW38,OUT045,
FDZ15,OUT019,
FDZ03,OUT027,
NCN19,OUT049,
FDG02,OUT035,
FDS31,OUT035,
FDW43,OUT019,
FDZ47,OUT010,
FDO57,OUT017,
NCL07,OUT013,
NCV42,OUT013,
FDP40,OUT017,
FDP48,OUT019,
FDH21,OUT017,
NCP02,OUT049,
FDK24,OUT049,
FDC41,OUT045,
FDF08,OUT017,
FDO49,OUT017,
FDS56,OUT027,
FDX46,OUT018,
FDQ07,OUT013,
FDC32,OUT010,
FDT21,OUT019,
FDG58,OUT045,
FDW14,OUT049,
DRA12,OUT027,
FDV27,OUT013,
DRD25,OUT013,
DRF48,OUT027,
FDX24,OUT017,
DRJ51,OUT046,
FDE45,OUT045,
FDE14,OUT046,
FDG53,OUT045,
FDT08,OUT046,
DRC27,OUT027,
FDG20,OUT035,
FDC21,OUT046,
FDV31,OUT018,
FDB58,OUT045,
FDV23,OUT046,
FDA25,OUT019,
FDC15,OUT046,
FDU47,OUT049,
FDE23,OUT013,
FDS08,OUT013,
FDW03,OUT027,
FDJ60,OUT018,
FDM34,OUT017,
FDW33,OUT013,
FDZ40,OUT013,
FDE33,OUT018,
NCC06,OUT010,
FDU11,OUT046,
FDL44,OUT017,
NCZ29,OUT017,
FDG28,OUT010,
FDL12,OUT018,
FDD52,OUT017,
FDO15,OUT013,
NCN29,OUT027,
FDW36,OUT013,
FDB21,OUT046,
FDZ28,OUT013,
FDY10,OUT035,
DRG39,OUT017,
FDN28,OUT013,
FDV15,OUT035,
DRI13,OUT035,
FDH20,OUT046,
FDY51,OUT013,
FDE16,OUT013,
FDX40,OUT018,
FDC48,OUT018,
FDS14,OUT046,
FDX56,OUT017,
FDI10,OUT046,
FDI14,OUT013,
DRM48,OUT013,
NCH07,OUT027,
FDY26,OUT013,
FDD02,OUT027,
FDM12,OUT046,
DRF01,OUT010,
FDV36,OUT046,
DRI59,OUT013,
FDV03,OUT018,
FDO39,OUT017,
NCB07,OUT018,
FDH38,OUT027,
FDZ13,OUT035,
NCZ30,OUT046,
NCA06,OUT035,
FDB04,OUT049,
FDN50,OUT013,
NCG06,OUT049,
NCY17,OUT018,
FDC23,OUT046,
FDK33,OUT049,
FDR03,OUT049,
FDZ07,OUT045,
FDO38,OUT013,
FDS59,OUT046,
DRM11,OUT019,
FDX52,OUT027,
DRJ35,OUT018,
NCP53,OUT046,
FDW15,OUT019,
DRI47,OUT045,
DRZ11,OUT035,
FDS02,OUT013,
DRD49,OUT018,
FDW38,OUT049,
FDR21,OUT019,
FDE40,OUT013,
FDI02,OUT045,
FDQ04,OUT045,
FDY14,OUT017,
NCT54,OUT046,
DRD25,OUT017,
DRE01,OUT045,
FDJ12,OUT010,
NCZ05,OUT049,
DRB25,OUT019,
NCC31,OUT045,
FDM16,OUT045,
DRG11,OUT049,
FDV24,OUT027,
FDV43,OUT046,
FDG05,OUT018,
FDV23,OUT010,
FDI58,OUT018,
FDQ11,OUT017,
FDC05,OUT027,
FDF40,OUT013,
FDU02,OUT018,
FDT32,OUT013,
NCF06,OUT017,
FDT46,OUT013,
FDR58,OUT010,
FDY04,OUT046,
FDT58,OUT045,
FDE46,OUT049,
DRH11,OUT017,
DRI51,OUT046,
FDC35,OUT017,
FDP45,OUT035,
FDC45,OUT017,
FDU01,OUT045,
FDJ53,OUT010,
FDJ46,OUT017,
FDX07,OUT013,
NCI30,OUT049,
FDE47,OUT027,
FDV48,OUT045,
FDN16,OUT019,
FDM52,OUT013,
FDA32,OUT027,
FDH05,OUT017,
FDW25,OUT010,
FDQ09,OUT046,
NCM17,OUT010,
DRM59,OUT046,
FDV47,OUT027,
DRE15,OUT035,
FDS25,OUT010,
NCZ05,OUT018,
NCV05,OUT019,
DRM37,OUT046,
FDV58,OUT027,
FDN22,OUT027,
NCO06,OUT049,
FDT56,OUT019,
FDM02,OUT013,
FDA09,OUT046,
NCC06,OUT035,
NCL54,OUT049,
NCB55,OUT017,
FDB12,OUT017,
NCA54,OUT049,
NCS38,OUT049,
FDC02,OUT049,
FDK44,OUT019,
FDE16,OUT035,
NCS05,OUT035,
FDZ59,OUT045,
FDI20,OUT017,
FDQ14,OUT046,
FDF53,OUT017,
FDW25,OUT017,
NCQ43,OUT010,
FDX52,OUT013,
FDE28,OUT045,
FDN15,OUT017,
FDO28,OUT017,
FDQ33,OUT045,
FDM22,OUT010,
FDJ03,OUT017,
FDI16,OUT045,
FDI09,OUT027,
FDX55,OUT013,
FDS23,OUT027,
DRC12,OUT045,
FDH41,OUT049,
FDN01,OUT013,
FDV55,OUT045,
NCJ19,OUT013,
NCY29,OUT010,
FDP03,OUT018,
FDZ52,OUT045,
FDH31,OUT010,
FDQ19,OUT018,
FDS15,OUT035,
FDN32,OUT017,
FDH32,OUT049,
FDF33,OUT017,
FDJ22,OUT046,
FDG56,OUT010,
FDC05,OUT046,
FDK09,OUT013,
NCV29,OUT045,
NCC43,OUT019,
NCA42,OUT049,
FDC10,OUT046,
FDC16,OUT013,
NCL17,OUT013,
FDA51,OUT035,
FDW01,OUT017,
NCF30,OUT045,
FDN49,OUT013,
FDY20,OUT045,
FDC15,OUT045,
FDY24,OUT046,
NCG43,OUT017,
FDA48,OUT013,
NCF55,OUT017,
FDL38,OUT049,
NCQ29,OUT018,
FDC34,OUT017,
FDP36,OUT027,
FDN50,OUT010,
FDO23,OUT049,
FDT56,OUT013,
FDT13,OUT027,
FDZ03,OUT013,
FDQ03,OUT010,
FDU44,OUT045,
FDD03,OUT049,
NCH30,OUT013,
FDS60,OUT010,
FDG08,OUT046,
FDX38,OUT017,
FDD22,OUT017,
FDW51,OUT013,
FDL09,OUT017,
FDZ60,OUT045,
NCH07,OUT046,
NCQ41,OUT049,
FDW04,OUT049,
FDI08,OUT027,
FDR19,OUT019,
FDV13,OUT046,
FDB52,OUT017,
FDZ48,OUT027,
NCO14,OUT049,
FDZ50,OUT013,
FDN27,OUT019,
FDQ60,OUT013,
FDR49,OUT017,
DRJ35,OUT027,
DRI49,OUT017,
FDB47,OUT017,
FDP37,OUT010,
FDR26,OUT049,
FDY31,OUT019,
FDC11,OUT045,
DRP47,OUT035,
NCY54,OUT018,
FDR27,OUT046,
FDQ21,OUT019,
NCQ29,OUT035,
FDJ02,OUT046,
FDE21,OUT018,
FDM39,OUT046,
FDZ01,OUT017,
NCB19,OUT018,
FDU03,OUT046,
FDP27,OUT049,
DRF01,OUT045,
FDM03,OUT049,
FDV01,OUT046,
FDS16,OUT046,
FDO45,OUT035,
NCX06,OUT035,
FDP13,OUT046,
NCR38,OUT018,
FDA01,OUT013,
FDT26,OUT017,
FDD44,OUT027,
FDB26,OUT013,
FDP45,OUT019,
NCP55,OUT046,
FDT23,OUT017,
FDO51,OUT045,
FDA44,OUT046,
NCJ31,OUT018,
FDX37,OUT045,
NCD18,OUT049,
FDN40,OUT027,
FDL33,OUT017,
DRF48,OUT035,
FDW08,OUT035,
FDX39,OUT018,
FDB38,OUT049,
FDY46,OUT018,
NCB06,OUT049,
FDA34,OUT035,
FDA35,OUT045,
FDQ07,OUT035,
FDU32,OUT045,
FDU26,OUT013,
FDU13,OUT010,
FDO09,OUT035,
FDW03,OUT019,
FDB38,OUT013,
FDL26,OUT010,
NCN43,OUT045,
FDH08,OUT045,
NCC31,OUT019,
FDH14,OUT035,
FDL40,OUT017,
FDD20,OUT035,
NCV53,OUT035,
FDD16,OUT045,
FDP24,OUT035,
FDQ25,OUT045,
FDM38,OUT035,
NCT18,OUT010,
FDM34,OUT049,
DRH37,OUT010,
NCE07,OUT013,
FDG12,OUT013,
FDB59,OUT010,
FDS10,OUT018,
FDN21,OUT010,
FDM02,OUT045,
FDO44,OUT049,
NCN17,OUT017,
FDH16,OUT018,
FDL44,OUT046,
FDY47,OUT017,
DRI39,OUT046,
NCX54,OUT018,
FDE59,OUT046,
FDO46,OUT045,
DRE13,OUT046,
FDW14,OUT013,
FDF35,OUT046,
FDO50,OUT019,
DRF49,OUT017,
FDT60,OUT049,
FDP38,OUT045,
FDA31,OUT027,
FDY52,OUT010,
FDD03,OUT027,
FDN52,OUT018,
FDU20,OUT010,
FDD22,OUT035,
NCB55,OUT019,
FDN27,OUT045,
FDD16,OUT013,
FDW48,OUT046,
DRN35,OUT045,
FDX25,OUT049,
DRD49,OUT049,
FDE21,OUT019,
FDN44,OUT035,
DRC01,OUT049,
NCK30,OUT046,
FDU39,OUT013,
FDB49,OUT013,
FDS12,OUT045,
FDR57,OUT018,
FDX22,OUT027,
FDC60,OUT013,
NCE42,OUT049,
NCK42,OUT049,
DRE01,OUT017,
FDE57,OUT018,
DRK59,OUT019,
FDB10,OUT027,
FDQ25,OUT046,
FDY26,OUT017,
FDG28,OUT049,
FDM14,OUT049,
NCH29,OUT049,
FDD48,OUT049,
FDC17,OUT045,
DRH49,OUT027,
FDN44,OUT018,
FDC29,OUT045,
DRK01,OUT019,
FDD48,OUT017,
FDB59,OUT013,
FDY45,OUT010,
FDX60,OUT035,
FDT09,OUT010,
DRB24,OUT018,
FDL13,OUT035,
FDN16,OUT035,
FDK57,OUT013,
FDO22,OUT027,
FDC57,OUT010,
FDZ13,OUT027,
FDW27,OUT013,
FDX10,OUT049,
FDY08,OUT018,
FDA49,OUT017,
FDC32,OUT018,
FDO04,OUT035,
NCZ54,OUT013,
FDY40,OUT045,
FDW36,OUT045,
FDE11,OUT017,
DRE37,OUT045,
NCK19,OUT017,
FDT19,OUT035,
FDE56,OUT045,
FDZ57,OUT010,
FDB35,OUT035,
FDF09,OUT010,
FDO34,OUT046,
FDA55,OUT046,
NCM18,OUT035,
FDJ20,OUT019,
DRQ35,OUT019,
FDG02,OUT013,
NCU29,OUT018,
FDL27,OUT027,
NCA54,OUT035,
FDJ32,OUT035,
FDB21,OUT019,
FDR46,OUT035,
FDZ32,OUT046,
DRF36,OUT017,
NCU54,OUT017,
NCI31,OUT017,
DRA59,OUT035,
NCC55,OUT045,
FDE44,OUT018,
NCN26,OUT018,
FDC11,OUT049,
FDV24,OUT035,
FDR40,OUT019,
NCQ17,OUT049,
FDC46,OUT045,
NCM18,OUT046,
FDK16,OUT046,
FDI28,OUT017,
FDS11,OUT018,
DRD13,OUT046,
FDL36,OUT035,
FDI27,OUT013,
FDJ53,OUT019,
FDS44,OUT045,
FDE28,OUT046,
FDQ33,OUT018,
FDB37,OUT017,
FDQ31,OUT045,
NCQ05,OUT046,
FDE10,OUT013,
FDF38,OUT017,
FDE50,OUT019,
DRG37,OUT010,
NCH06,OUT049,
FDY14,OUT045,
FDO27,OUT017,
FDQ19,OUT049,
FDZ26,OUT019,
FDN51,OUT013,
FDK20,OUT035,
FDD40,OUT018,
DRI25,OUT018,
FDH56,OUT017,
FDI36,OUT027,
DRH11,OUT018,
NCV18,OUT017,
DRI01,OUT049,
DRE48,OUT049,
FDS51,OUT035,
FDM38,OUT017,
FDB60,OUT027,
FDY58,OUT035,
FDY22,OUT045,
FDF11,OUT027,
FDZ51,OUT035,
FDQ45,OUT017,
FDF17,OUT035,
NCF31,OUT027,
FDA37,OUT013,
FDO51,OUT046,
FDF34,OUT013,
FDD57,OUT018,
FDO37,OUT046,
FDR49,OUT049,
FDS39,OUT049,
FDI48,OUT027,
DRM35,OUT049,
FDV57,OUT035,
FDZ55,OUT013,
FDI28,OUT035,
FDS21,OUT045,
FDT34,OUT013,
DRI25,OUT035,
FDT47,OUT010,
DRH39,OUT045,
NCD54,OUT045,
FDU16,OUT027,
NCW29,OUT045,
FDV25,OUT027,
FDM56,OUT035,
FDZ04,OUT027,
FDG59,OUT019,
FDI56,OUT045,
FDS33,OUT035,
FDC23,OUT049,
FDT11,OUT049,
FDG17,OUT045,
FDZ44,OUT045,
FDJ52,OUT013,
DRI23,OUT046,
DRE15,OUT010,
NCF07,OUT013,
NCR29,OUT049,
FDE44,OUT019,
FDT23,OUT035,
NCG06,OUT017,
NCU41,OUT010,
FDH46,OUT017,
FDV31,OUT013,
NCT41,OUT027,
FDE22,OUT027,
FDC26,OUT045,
DRF51,OUT017,
NCY53,OUT019,
FDY21,OUT017,
FDL27,OUT013,
FDZ34,OUT049,
NCF43,OUT010,
FDC21,OUT035,
FDL26,OUT013,
FDT25,OUT010,
NCR30,OUT046,
DRL23,OUT019,
NCR05,OUT049,
NCE19,OUT018,
FDY07,OUT035,
FDB10,OUT017,
FDP57,OUT013,
FDU48,OUT019,
FDH48,OUT035,
FDO33,OUT035,
NCU29,OUT045,
FDW35,OUT046,
FDH05,OUT010,
FDP26,OUT049,
DRG27,OUT035,
FDQ33,OUT046,
FDH20,OUT010,
FDV14,OUT046,
DRD01,OUT046,
NCI17,OUT049,
FDF39,OUT010,
FDX37,OUT046,
NCX17,OUT035,
FDN03,OUT013,
NCS41,OUT010,
FDH34,OUT045,
NCX53,OUT018,
FDY31,OUT046,
FDD20,OUT017,
FDE51,OUT045,
FDV27,OUT046,
FDF16,OUT035,
FDZ02,OUT049,
NCK05,OUT045,
FDM12,OUT027,
NCA05,OUT018,
FDX33,OUT045,
FDM25,OUT049,
FDE41,OUT018,
FDW14,OUT045,
NCD30,OUT046,
FDB23,OUT010,
FDF45,OUT046,
FDW20,OUT017,
FDF47,OUT045,
NCR05,OUT019,
DRB01,OUT046,
FDE36,OUT013,
FDU56,OUT049,
FDB23,OUT049,
FDN48,OUT049,
FDS43,OUT013,
NCN05,OUT013,
NCL53,OUT049,
FDL56,OUT046,
FDH17,OUT018,
FDP37,OUT046,
FDG09,OUT019,
FDA55,OUT045,
FDX31,OUT049,
FDJ41,OUT045,
DRC24,OUT045,
FDQ21,OUT035,
NCT54,OUT045,
FDH08,OUT049,
FDY38,OUT018,
DRM11,OUT010,
FDG32,OUT049,
NCH18,OUT046,
FDI20,OUT035,
FDA33,OUT018,
FDN45,OUT013,
FDT45,OUT010,
FDR32,OUT035,
FDA48,OUT017,
FDN23,OUT017,
NCR18,OUT035,
FDD45,OUT046,
FDI22,OUT018,
FDT09,OUT013,
DRC24,OUT027,
FDT39,OUT046,
FDX28,OUT045,
FDA50,OUT018,
FDT33,OUT027,
FDQ60,OUT049,
NCM19,OUT018,
FDF40,OUT046,
NCI30,OUT035,
FDK34,OUT049,
FDA38,OUT027,
FDT02,OUT045,
FDC11,OUT017,
FDD08,OUT046,
NCS29,OUT046,
DRI03,OUT010,
FDK48,OUT035,
FDM52,OUT049,
FDP49,OUT035,
DRA24,OUT046,
NCJ43,OUT049,
FDE11,OUT045,
FDP01,OUT049,
FDQ59,OUT018,
FDA43,OUT019,
FDL14,OUT017,
FDV50,OUT010,
FDT01,OUT027,
NCC42,OUT035,
FDO28,OUT046,
FDD32,OUT019,
FDV45,OUT035,
NCW17,OUT019,
NCJ17,OUT027,
NCF18,OUT049,
FDP01,OUT045,
FDH24,OUT045,
FDI38,OUT027,
FDX03,OUT035,
FDY28,OUT046,
FDN34,OUT018,
FDJ02,OUT045,
FDW40,OUT019,
FDX03,OUT017,
FDE17,OUT027,
FDT58,OUT046,
FDI38,OUT013,
FDW22,OUT035,
FDS15,OUT027,
NCX06,OUT013,
DRK47,OUT035,
FDC23,OUT027,
FDM56,OUT010,
FDP21,OUT046,
FDP58,OUT046,
FDA27,OUT019,
FDK41,OUT019,
NCH42,OUT046,
FDG29,OUT045,
FDW15,OUT018,
FDD28,OUT018,
FDQ37,OUT049,
FDC23,OUT035,
FDV13,OUT035,
FDK33,OUT046,
FDO33,OUT013,
FDN21,OUT017,
NCW06,OUT027,
FDI38,OUT035,
FDC21,OUT027,
NCS05,OUT046,
NCN53,OUT049,
FDV40,OUT010,
FDG60,OUT017,
NCY30,OUT027,
FDM40,OUT045,
NCO30,OUT046,
FDK10,OUT046,
FDM36,OUT045,
FDN10,OUT013,
FDM46,OUT018,
FDX50,OUT049,
FDP33,OUT045,
FDO12,OUT045,
FDC28,OUT013,
FDO31,OUT045,
FDX45,OUT035,
FDV21,OUT049,
FDH04,OUT049,
NCG54,OUT013,
FDO13,OUT046,
FDA09,OUT027,
FDC38,OUT017,
NCO42,OUT046,
FDL45,OUT049,
NCK31,OUT013,
FDM39,OUT017,
FDC22,OUT010,
FDF46,OUT046,
FDQ37,OUT045,
FDH41,OUT010,
FDQ04,OUT046,
NCQ02,OUT027,
FDJ57,OUT027,
NCE07,OUT049,
FDE56,OUT013,
FDI20,OUT049,
FDK36,OUT018,
FDP08,OUT027,
FDF44,OUT017,
NCU53,OUT017,
FDF47,OUT035,
FDS55,OUT010,
FDZ52,OUT010,
FDL04,OUT018,
NCM26,OUT035,
FDX43,OUT049,
FDP52,OUT049,
DRK49,OUT045,
FDE38,OUT013,
DRF13,OUT035,
FDK41,OUT010,
FDJ04,OUT027,
FDZ44,OUT018,
FDS11,OUT013,
FDA55,OUT049,
NCW53,OUT046,
FDB49,OUT027,
FDD23,OUT017,
NCV42,OUT045,
NCZ29,OUT018,
FDQ26,OUT013,
FDV08,OUT017,
FDC53,OUT049,
FDV58,OUT010,
NCP02,OUT019,
DRI37,OUT045,
FDQ12,OUT049,
FDE33,OUT046,
FDX27,OUT045,
FDM22,OUT017,
NCH30,OUT019,
FDC04,OUT017,
FDO38,OUT046,
FDV52,OUT027,
FDB32,OUT013,
FDV43,OUT018,
FDI24,OUT018,
FDR40,OUT017,
FDW02,OUT049,
FDE44,OUT049,
FDL38,OUT046,
NCT54,OUT010,
DRJ39,OUT010,
FDW55,OUT049,
DRF13,OUT019,
NCW17,OUT049,
FDP13,OUT035,
FDS08,OUT018,
NCP17,OUT035,
NCO53,OUT035,
FDH19,OUT045,
FDJ04,OUT017,
FDG10,OUT049,
FDA40,OUT010,
FDI53,OUT045,
FDU09,OUT010,
FDK60,OUT045,
FDR43,OUT017,
FDW22,OUT017,
DRP47,OUT010,
DRG48,OUT010,
FDA14,OUT035,
FDU49,OUT013,
FDK28,OUT045,
FDT19,OUT046,
NCQ42,OUT045,
FDD03,OUT045,
NCM53,OUT013,
NCX53,OUT045,
FDV14,OUT027,
NCZ54,OUT017,
FDB39,OUT013,
DRC24,OUT046,
FDY36,OUT013,
FDN01,OUT035,
DRH25,OUT046,
FDV08,OUT046,
NCP53,OUT049,
FDU52,OUT010,
NCI42,OUT045,
FDZ14,OUT035,
FDF11,OUT046,
FDQ13,OUT018,
FDO32,OUT010,
DRJ37,OUT018,
FDY43,OUT046,
NCT41,OUT017,
NCV17,OUT045,
FDM04,OUT027,
DRB48,OUT018,
FDM24,OUT013,
FDT37,OUT049,
NCO05,OUT010,
FDL13,OUT046,
FDL15,OUT017,
FDB11,OUT018,
FDL14,OUT019,
FDY10,OUT019,
FDJ40,OUT049,
NCW18,OUT046,
NCY06,OUT013,
DRE13,OUT018,
FDA26,OUT045,
NCE19,OUT010,
FDE33,OUT035,
DRL59,OUT027,
FDY07,OUT046,
FDF57,OUT018,
FDM58,OUT035,
FDP26,OUT027,
FDY32,OUT046,
FDD51,OUT010,
FDU22,OUT018,
FDZ49,OUT018,
NCI42,OUT017,
FDT04,OUT027,
NCU41,OUT045,
FDS56,OUT045,
NCN42,OUT017,
FDK34,OUT046,
FDB03,OUT017,
DRJ25,OUT035,
FDT25,OUT027,
FDN20,OUT013,
FDP09,OUT013,
FDM20,OUT019,
NCG55,OUT046,
NCP14,OUT045,
NCH06,OUT046,
FDV52,OUT013,
NCL07,OUT035,
DRJ11,OUT027,
DRO59,OUT013,
FDW15,OUT010,
NCQ30,OUT035,
NCN54,OUT019,
FDY01,OUT027,
FDX39,OUT035,
FDH53,OUT027,
FDA57,OUT035,
NCC07,OUT010,
FDU28,OUT013,
FDK36,OUT010,
FDR36,OUT018,
NCQ17,OUT035,
FDS28,OUT019,
FDE08,OUT045,
FDU22,OUT046,
FDG41,OUT045,
FDO31,OUT010,
FDM21,OUT019,
FDU40,OUT017,
FDV36,OUT018,
FDT10,OUT027,
FDX38,OUT045,
NCU30,OUT027,
NCV06,OUT049,
FDT16,OUT035,
NCP41,OUT027,
FDZ56,OUT017,
FDC22,OUT035,
FDU10,OUT035,
FDS46,OUT045,
FDO08,OUT049,
NCV42,OUT018,
FDP33,OUT035,
FDJ12,OUT046,
FDH04,OUT045,
NCU54,OUT013,
FDO36,OUT010,
FDT37,OUT027,
FDD14,OUT010,
FDA16,OUT013,
NCS42,OUT019,
FDP10,OUT019,
FDQ28,OUT049,
FDK57,OUT010,
FDK02,OUT013,
FDW47,OUT018,
NCC42,OUT018,
FDQ37,OUT018,
FDL40,OUT046,
DRE13,OUT010,
FDQ34,OUT027,
NCB54,OUT046,
FDS48,OUT049,
FDO15,OUT045,
NCT30,OUT013,
FDU49,OUT027,
FDE21,OUT046,
FDS49,OUT019,
FDT38,OUT027,
FDZ01,OUT045,
FDC41,OUT035,
DRG13,OUT010,
NCZ42,OUT018,
NCM07,OUT045,
NCV17,OUT018,
DRK39,OUT035,
FDS37,OUT018,
FDV12,OUT019,
NCG19,OUT018,
FDS51,OUT013,
NCO14,OUT046,
FDC38,OUT046,
FDN15,OUT046,
NCH42,OUT013,
FDQ22,OUT046,
FDC05,OUT013,
FDZ31,OUT013,
DRJ23,OUT049,
FDC52,OUT035,
DRD12,OUT010,
FDV55,OUT017,
FDD32,OUT046,
FDR01,OUT049,
FDY08,OUT019,
FDQ45,OUT045,
DRN11,OUT027,
NCS05,OUT018,
FDY32,OUT035,
NCD31,OUT045,
NCE06,OUT049,
NCP14,OUT046,
NCF18,OUT019,
FDF14,OUT018,
FDB22,OUT017,
NCH54,OUT049,
FDU27,OUT035,
FDS58,OUT027,
NCU29,OUT035,
FDJ57,OUT013,
FDL56,OUT049,
FDH60,OUT035,
FDN24,OUT018,
FDD02,OUT017,
FDP15,OUT017,
FDB28,OUT027,
DRC49,OUT045,
NCG30,OUT018,
FDJ14,OUT049,
FDL52,OUT045,
NCG19,OUT027,
NCN41,OUT035,
FDW22,OUT013,
FDI02,OUT013,
FDV51,OUT045,
FDV48,OUT046,
NCL17,OUT019,
FDP46,OUT045,
FDU10,OUT045,
FDT37,OUT010,
FDI27,OUT035,
FDN51,OUT046,
FDW07,OUT035,
FDN45,OUT049,
DRN37,OUT027,
DRF48,OUT049,
FDP38,OUT019,
NCX18,OUT027,
FDK45,OUT018,
FDZ37,OUT049,
FDS50,OUT018,
NCR54,OUT018,
NCS17,OUT035,
FDV31,OUT046,
DRE27,OUT017,
FDN60,OUT013,
FDK26,OUT013,
FDX37,OUT018,
FDW31,OUT046,
FDX26,OUT018,
DRL49,OUT019,
FDU49,OUT017,
FDY58,OUT046,
FDN03,OUT045,
NCV06,OUT010,
FDH53,OUT045,
FDG31,OUT018,
NCC06,OUT045,
FDS13,OUT049,
FDP16,OUT035,
FDA35,OUT013,
DRP47,OUT018,
FDY28,OUT010,
FDY20,OUT035,
NCH30,OUT017,
NCR29,OUT019,
NCP05,OUT013,
NCF30,OUT019,
FDA08,OUT035,
FDN51,OUT027,
FDH12,OUT046,
FDY39,OUT017,
NCO53,OUT045,
FDB40,OUT046,
FDH02,OUT049,
FDY11,OUT027,
FDQ09,OUT019,
FDP16,OUT013,
NCF55,OUT018,
FDY09,OUT027,
FDY39,OUT045,
NCU53,OUT049,
NCT41,OUT049,
FDJ45,OUT046,
FDR28,OUT013,
FDN08,OUT013,
FDJ07,OUT049,
FDZ09,OUT027,
FDQ14,OUT017,
FDY12,OUT027,
FDK57,OUT046,
FDD20,OUT049,
FDS36,OUT018,
FDI40,OUT049,
FDJ40,OUT045,
FDE08,OUT013,
DRK01,OUT013,
FDC58,OUT049,
FDE50,OUT046,
FDX48,OUT035,
DRM35,OUT018,
FDG41,OUT013,
FDB52,OUT046,
FDV19,OUT045,
DRG48,OUT017,
FDI26,OUT013,
FDU11,OUT019,
FDF59,OUT019,
FDR07,OUT049,
NCE06,OUT017,
FDE10,OUT046,
NCO55,OUT046,
FDZ13,OUT013,
FDT50,OUT017,
FDH12,OUT010,
FDD21,OUT045,
NCM05,OUT013,
FDK04,OUT013,
FDN33,OUT017,
NCM18,OUT010,
DRC25,OUT049,
FDT47,OUT017,
FDD45,OUT027,
NCD07,OUT018,
NCY54,OUT010,
FDL12,OUT049,
FDL02,OUT017,
FDC60,OUT035,
FDR37,OUT017,
FDY16,OUT017,
FDU26,OUT045,
FDN24,OUT013,
FDH44,OUT013,
FDE23,OUT010,
FDW60,OUT017,
FDQ55,OUT049,
FDV32,OUT027,
FDV03,OUT010,
FDY14,OUT010,
NCL55,OUT027,
DRF25,OUT017,
FDX03,OUT046,
FDF40,OUT045,
FDX24,OUT010,
FDA25,OUT049,
FDH21,OUT018,
FDB47,OUT010,
FDT34,OUT019,
FDS39,OUT010,
NCU05,OUT046,
FDE02,OUT049,
FDL25,OUT035,
FDC50,OUT049,
FDZ32,OUT049,
FDV14,OUT045,
FDR07,OUT045,
FDB26,OUT049,
NCR50,OUT045,
FDP01,OUT018,
FDH57,OUT045,
FDM60,OUT027,
FDA45,OUT017,
FDU55,OUT017,
FDH40,OUT035,
FDG40,OUT019,
FDT12,OUT049,
DRL59,OUT045,
FDT47,OUT018,
FDI60,OUT017,
DRF51,OUT027,
NCK31,OUT049,
FDB08,OUT045,
FDM44,OUT035,
FDD46,OUT018,
FDR27,OUT019,
FDV56,OUT010,
FDM02,OUT049,
FDU45,OUT018,
FDZ10,OUT017,
NCK31,OUT010,
FDR27,OUT035,
FDF33,OUT013,
FDJ36,OUT046,
FDP33,OUT049,
FDG17,OUT046,
FDG47,OUT027,
NCW29,OUT046,
DRH59,OUT017,
FDR32,OUT017,
FDP48,OUT035,
FDG17,OUT035,
DRJ59,OUT017,
FDY48,OUT027,
FDB02,OUT046,
FDN10,OUT019,
NCD55,OUT035,
FDX34,OUT013,
FDZ38,OUT045,
DRF37,OUT049,
DRL47,OUT019,
FDL27,OUT035,
NCP53,OUT035,
FDT03,OUT019,
FDJ28,OUT035,
FDF40,OUT018,
FDA32,OUT035,
NCP02,OUT017,
FDZ31,OUT045,
NCQ29,OUT013,
FDP57,OUT010,
FDL32,OUT027,
DRB01,OUT035,
FDJ40,OUT046,
FDO24,OUT018,
FDO11,OUT018,
FDA56,OUT035,
FDF02,OUT045,
FDA10,OUT013,
NCI55,OUT017,
FDZ40,OUT010,
FDV08,OUT049,
FDN48,OUT013,
FDU57,OUT017,
DRF49,OUT013,
FDS02,OUT035,
FDS43,OUT046,
FDT16,OUT013,
FDX19,OUT027,
FDK15,OUT046,
DRA12,OUT049,
FDY35,OUT017,
NCU42,OUT013,
FDD26,OUT013,
FDR11,OUT018,
NCP53,OUT045,
FDP34,OUT045,
NCV41,OUT019,
FDN20,OUT018,
FDZ16,OUT018,
FDZ28,OUT049,
NCL55,OUT013,
NCJ17,OUT046,
FDT37,OUT046,
FDV51,OUT049,
FDZ28,OUT035,
FDN27,OUT013,
FDS14,OUT019,
FDZ58,OUT045,
FDD46,OUT046,
FDJ03,OUT035,
FDU03,OUT010,
FDA33,OUT027,
NCW53,OUT035,
NCC55,OUT017,
FDP52,OUT019,
FDE39,OUT049,
FDB44,OUT035,
FDG59,OUT013,
FDI05,OUT013,
FDF59,OUT045,
FDM39,OUT019,
FDB14,OUT013,
NCS05,OUT019,
DRJ35,OUT045,
FDO31,OUT019,
FDA31,OUT046,
FDX40,OUT049,
FDW56,OUT045,
FDH09,OUT018,
FDA52,OUT019,
FDF20,OUT019,
FDE40,OUT046,
NCU17,OUT046,
NCP14,OUT035,
FDN25,OUT027,
FDU39,OUT049,
NCM05,OUT017,
FDU07,OUT017,
FDF28,OUT049,
FDR57,OUT049,
FDJ33,OUT013,
DRH23,OUT035,
FDQ52,OUT046,
DRK13,OUT035,
FDP09,OUT046,
FDR08,OUT027,
FDV50,OUT045,
FDT13,OUT049,
FDJ27,OUT027,
FDH21,OUT046,
FDW14,OUT027,
FDL52,OUT049,
FDW28,OUT017,
FDL40,OUT049,
FDE24,OUT046,
FDX35,OUT049,
FDP46,OUT017,
FDX56,OUT045,
FDQ45,OUT049,
FDK50,OUT027,
FDY26,OUT045,
FDQ09,OUT017,
FDN39,OUT049,
FDP13,OUT017,
FDR51,OUT013,
FDZ49,OUT010,
FDL28,OUT018,
FDZ10,OUT035,
FDK38,OUT013,
DRL49,OUT027,
FDR15,OUT013,
FDQ24,OUT035,
FDD56,OUT013,
NCR42,OUT046,
FDH52,OUT045,
FDH57,OUT019,
FDR15,OUT010,
FDJ34,OUT035,
FDW37,OUT035,
FDQ23,OUT018,
FDP34,OUT013,
FDE04,OUT027,
FDC48,OUT045,
FDA47,OUT019,
FDI35,OUT018,
NCV05,OUT013,
FDR28,OUT045,
FDH31,OUT017,
FDP59,OUT019,
FDS19,OUT018,
FDM60,OUT045,
FDJ44,OUT018,
DRH51,OUT017,
DRC25,OUT017,
DRE25,OUT013,
NCX05,OUT049,
FDR11,OUT017,
DRP47,OUT045,
DRC49,OUT019,
FDQ47,OUT027,
FDL20,OUT013,
FDM34,OUT035,
NCN55,OUT013,
FDD41,OUT035,
FDE52,OUT049,
NCT18,OUT019,
FDJ32,OUT018,
FDE16,OUT046,
FDZ09,OUT045,
DRZ11,OUT046,
FDK41,OUT049,
FDE56,OUT049,
FDH34,OUT013,
DRI49,OUT013,
DRI59,OUT046,
DRC36,OUT049,
FDS15,OUT019,
FDI07,OUT018,
FDZ15,OUT018,
NCX41,OUT027,
NCO29,OUT019,
FDF57,OUT013,
FDI33,OUT035,
DRJ47,OUT049,
FDB34,OUT046,
FDY22,OUT027,
DRL11,OUT017,
FDY46,OUT035,
FDG17,OUT013,
FDE52,OUT018,
DRP47,OUT027,
FDO01,OUT010,
FDL09,OUT046,
FDR57,OUT013,
DRD37,OUT035,
FDQ36,OUT027,
FDL33,OUT049,
FDL48,OUT045,
FDL28,OUT049,
NCN29,OUT046,
FDO13,OUT035,
FDB38,OUT045,
FDI36,OUT035,
FDI58,OUT035,
FDH22,OUT018,
FDQ27,OUT013,
FDT33,OUT046,
FDC56,OUT045,
FDF14,OUT046,
FDQ39,OUT017,
NCM43,OUT017,
FDS46,OUT035,
FDI22,OUT049,
NCE43,OUT045,
FDZ36,OUT010,
FDR13,OUT019,
FDP46,OUT018,
FDW56,OUT019,
FDB40,OUT017,
FDM28,OUT018,
FDV49,OUT013,
NCS53,OUT018,
FDO03,OUT049,
FDT15,OUT035,
FDD33,OUT049,
FDX13,OUT017,
FDH60,OUT013,
DRH51,OUT046,
NCL07,OUT049,
FDW51,OUT045,
FDF21,OUT019,
FDH26,OUT019,
FDJ03,OUT049,
FDU35,OUT017,
DRL01,OUT018,
FDE59,OUT045,
FDI60,OUT035,
DRH39,OUT035,
FDK36,OUT049,
FDN52,OUT045,
FDU12,OUT017,
NCT05,OUT027,
FDS37,OUT027,
FDK24,OUT017,
DRF36,OUT013,
FDN46,OUT010,
NCN06,OUT045,
FDD59,OUT035,
FDM14,OUT045,
FDO10,OUT018,
FDU35,OUT013,
NCA30,OUT018,
NCO41,OUT049,
FDI24,OUT046,
FDZ16,OUT046,
FDV47,OUT046,
FDV16,OUT045,
FDZ22,OUT035,
FDO20,OUT010,
FDW38,OUT013,
FDW52,OUT045,
FDT43,OUT019,
NCS29,OUT045,
NCC31,OUT017,
FDA21,OUT017,
FDQ55,OUT046,
NCE54,OUT049,
FDD45,OUT017,
NCP17,OUT017,
FDR47,OUT035,
DRM35,OUT013,
FDR47,OUT019,
FDX19,OUT010,
FDV22,OUT027,
FDQ46,OUT027,
DRO47,OUT045,
FDB44,OUT010,
FDN02,OUT010,
FDW10,OUT045,
FDJ41,OUT019,
FDM50,OUT046,
FDW10,OUT035,
FDY48,OUT049,
NCE30,OUT027,
FDO04,OUT045,
FDQ26,OUT010,
NCX29,OUT018,
FDE39,OUT046,
NCR54,OUT027,
NCP55,OUT027,
FDX22,OUT017,
FDI05,OUT035,
FDC51,OUT027,
FDC10,OUT013,
FDJ46,OUT045,
FDV10,OUT010,
FDX12,OUT027,
FDL43,OUT019,
DRB13,OUT046,
FDF59,OUT027,
FDT35,OUT049,
NCJ19,OUT035,
FDT35,OUT018,
FDI48,OUT046,
DRC24,OUT019,
NCZ05,OUT017,
FDJ57,OUT049,
FDX11,OUT017,
FDE09,OUT035,
NCK06,OUT049,
DRE37,OUT017,
FDV56,OUT046,
FDY43,OUT017,
FDV35,OUT013,
FDF05,OUT019,
FDA36,OUT035,
FDS13,OUT027,
FDU47,OUT013,
FDI36,OUT010,
FDH48,OUT046,
FDZ14,OUT013,
FDS46,OUT013,
FDE21,OUT017,
FDA26,OUT049,
FDV12,OUT046,
FDL46,OUT019,
FDN57,OUT013,
NCJ18,OUT017,
FDO36,OUT045,
FDX55,OUT018,
FDT25,OUT019,
FDD16,OUT049,
NCX18,OUT013,
NCG55,OUT018,
NCV18,OUT049,
NCS18,OUT035,
FDC37,OUT045,
FDE47,OUT046,
DRG49,OUT019,
FDC39,OUT049,
FDH24,OUT019,
FDV39,OUT027,
NCL17,OUT045,
NCY53,OUT035,
FDH52,OUT013,
NCD19,OUT018,
FDI44,OUT046,
DRD49,OUT027,
FDN08,OUT035,
FDO20,OUT027,
FDY02,OUT046,
FDX23,OUT045,
FDX01,OUT017,
FDH20,OUT027,
NCX41,OUT017,
FDD21,OUT027,
DRH11,OUT019,
DRE60,OUT018,
FDB10,OUT013,
FDH38,OUT013,
NCL07,OUT018,
FDD48,OUT046,
NCT54,OUT027,
FDF32,OUT027,
DRH51,OUT045,
DRG03,OUT035,
NCY42,OUT019,
FDH32,OUT017,
NCJ06,OUT027,
FDH47,OUT027,
FDZ08,OUT018,
FDK16,OUT017,
DRG01,OUT018,
NCM53,OUT027,
NCB07,OUT035,
NCZ06,OUT035,
FDU48,OUT049,
NCB55,OUT027,
FDP15,OUT013,
FDF17,OUT046,
NCN06,OUT049,
DRM48,OUT018,
FDH10,OUT046,
FDC60,OUT018,
FDE35,OUT018,
DRI23,OUT013,
NCR38,OUT013,
FDP04,OUT035,
NCW17,OUT045,
FDX34,OUT017,
NCK53,OUT045,
NCO54,OUT010,
NCH55,OUT046,
FDT44,OUT027,
DRG49,OUT046,
FDX46,OUT010,
DRG36,OUT049,
FDU37,OUT049,
FDK10,OUT049,
DRF37,OUT027,
FDC44,OUT035,
FDP15,OUT046,
FDZ27,OUT027,
FDY22,OUT019,
DRG51,OUT035,
FDN58,OUT045,
FDW01,OUT049,
FDX24,OUT018,
FDO51,OUT017,
FDJ52,OUT027,
NCY06,OUT010,
FDE20,OUT018,
FDT23,OUT010,
FDQ51,OUT046,
FDE35,OUT046,
FDB46,OUT013,
NCG19,OUT035,
NCL06,OUT018,
FDT36,OUT019,
FDC56,OUT049,
FDJ26,OUT049,
FDZ59,OUT017,
FDV11,OUT027,
FDR13,OUT010,
FDI15,OUT018,
FDF47,OUT018,
NCB54,OUT019,
NCK19,OUT027,
FDX16,OUT017,
FDL50,OUT045,
NCE31,OUT035,
DRJ01,OUT049,
FDE22,OUT013,
FDY20,OUT019,
NCO14,OUT045,
NCR50,OUT017,
DRM47,OUT017,
FDO27,OUT010,
FDJ20,OUT027,
NCX17,OUT013,
FDG59,OUT049,
FDD52,OUT045,
FDO48,OUT017,
FDC59,OUT019,
FDS15,OUT018,
FDB47,OUT035,
FDV14,OUT019,
FDB27,OUT013,
FDA35,OUT035,
FDN51,OUT018,
FDO39,OUT019,
FDB28,OUT049,
DRJ25,OUT046,
FDH46,OUT027,
FDI10,OUT045,
FDU21,OUT018,
FDD09,OUT049,
FDD10,OUT046,
FDN31,OUT010,
FDA46,OUT018,
FDM56,OUT046,
FDF11,OUT010,
FDS32,OUT018,
NCM06,OUT013,
FDZ26,OUT045,
FDO01,OUT013,
FDJ46,OUT049,
FDG26,OUT019,
FDZ38,OUT035,
NCO55,OUT013,
FDT60,OUT035,
FDW37,OUT049,
NCK42,OUT018,
FDA45,OUT046,
FDW55,OUT018,
FDY44,OUT017,
FDQ31,OUT017,
FDM09,OUT049,
FDH12,OUT018,
NCQ43,OUT035,
FDT33,OUT035,
NCT41,OUT018,
DRJ25,OUT010,
NCQ41,OUT046,
NCN17,OUT049,
DRO35,OUT027,
FDU27,OUT018,
FDY43,OUT027,
FDG46,OUT035,
DRL49,OUT018,
NCB55,OUT049,
FDK28,OUT049,
FDO49,OUT045,
FDT03,OUT013,
FDW33,OUT027,
FDR02,OUT035,
FDF50,OUT013,
FDA40,OUT018,
NCT53,OUT018,
FDY60,OUT035,
FDP44,OUT027,
NCQ50,OUT045,
NCC30,OUT017,
FDQ60,OUT018,
FDG41,OUT046,
FDQ03,OUT046,
FDM03,OUT045,
FDZ51,OUT018,
DRF51,OUT035,
FDF39,OUT017,
FDW52,OUT035,
FDY22,OUT049,
FDG14,OUT013,
FDA57,OUT017,
FDL45,OUT019,
FDX28,OUT046,
NCQ54,OUT013,
FDH40,OUT045,
FDU52,OUT035,
FDT60,OUT010,
FDK08,OUT045,
FDN04,OUT049,
FDE50,OUT013,
FDI16,OUT049,
FDM50,OUT049,
NCV30,OUT049,
FDT44,OUT013,
FDY60,OUT013,
FDT56,OUT017,
FDV58,OUT018,
FDU04,OUT013,
NCN05,OUT027,
FDI53,OUT018,
FDD34,OUT046,
FDW47,OUT027,
FDT51,OUT027,
FDO27,OUT013,
NCQ18,OUT018,
NCW05,OUT013,
FDI15,OUT010,
NCH43,OUT010,
FDT40,OUT049,
NCG19,OUT017,
NCM30,OUT035,
FDB38,OUT017,
FDB22,OUT046,
FDC58,OUT046,
NCI29,OUT013,
FDA23,OUT010,
DRG48,OUT013,
FDV21,OUT013,
NCG18,OUT019,
FDG40,OUT045,
FDU24,OUT018,
FDA22,OUT049,
FDY35,OUT046,
FDJ15,OUT045,
NCW18,OUT018,
FDK56,OUT018,
FDF44,OUT046,
FDP51,OUT049,
FDU22,OUT027,
FDM28,OUT017,
NCL42,OUT046,
FDJ15,OUT019,
FDI32,OUT018,
DRL11,OUT046,
DRO59,OUT018,
FDA07,OUT019,
NCO53,OUT013,
FDO21,OUT045,
FDW39,OUT045,
NCV17,OUT013,
FDE22,OUT046,
NCB06,OUT018,
DRF48,OUT017,
FDB05,OUT013,
FDP28,OUT027,
FDP23,OUT046,
NCS41,OUT018,
FDS40,OUT018,
FDA16,OUT017,
FDN20,OUT035,
FDF04,OUT027,
DRG36,OUT018,
FDW16,OUT018,
FDU09,OUT017,
FDW01,OUT046,
FDB15,OUT045,
NCJ17,OUT049,
NCT18,OUT018,
FDG16,OUT018,
FDP27,OUT017,
FDQ44,OUT027,
FDL50,OUT027,
FDW57,OUT027,
FDS34,OUT013,
NCV30,OUT035,
FDD26,OUT018,
FDA03,OUT045,
FDS27,OUT018,
FDM12,OUT013,
NCV42,OUT027,
NCS41,OUT046,
FDN56,OUT018,
DRK59,OUT046,
NCG18,OUT046,
NCN26,OUT017,
FDI60,OUT027,
NCI43,OUT049,
NCL17,OUT049,
FDQ19,OUT019,
FDY43,OUT049,
FDR36,OUT049,
FDJ58,OUT049,
DRY23,OUT045,
FDK26,OUT027,
DRH03,OUT045,
FDC10,OUT010,
FDD23,OUT013,
FDP32,OUT045,
FDO31,OUT035,
FDQ57,OUT013,
FDX32,OUT027,
FDC39,OUT027,
FDU55,OUT046,
FDL45,OUT013,
DRK37,OUT049,
FDK22,OUT013,
DRG37,OUT027,
FDK22,OUT017,
DRH36,OUT018,
DRC36,OUT018,
DRE03,OUT027,
FDF34,OUT046,
FDZ22,OUT046,
FDC44,OUT010,
FDN31,OUT027,
FDO03,OUT017,
FDA01,OUT049,
NCH42,OUT049,
FDF46,OUT018,
DRL35,OUT046,
FDW46,OUT049,
FDB58,OUT046,
FDD47,OUT018,
NCO17,OUT045,
FDJ26,OUT017,
FDU37,OUT045,
